Student_ID,Year,Domain,Difficulty,Correct,Score
2023FE101,2023,DSA,Moderate,1,10
2023FE101,2023,DSA,Easy,1,10
2023FE101,2023,DSA,Difficult,0,0
2023FE101,2023,DBMS,Easy,0,0
2023FE101,2023,DBMS,Difficult,0,0
2023FE101,2023,DBMS,Moderate,0,0
2023FE101,2023,OS,Difficult,1,10
2023FE101,2023,OS,Moderate,1,10
2023FE101,2023,OS,Moderate,1,10
2023FE101,2023,CN,Easy,0,0
2023FE101,2023,CN,Easy,0,0
2023FE101,2023,CN,Moderate,0,0
2023FE101,2023,Aptitude,Difficult,1,10
2023FE101,2023,Aptitude,Difficult,1,10
2023FE101,2023,Aptitude,Moderate,0,0
2023FE102,2023,DSA,Moderate,1,10
2023FE102,2023,DSA,Difficult,1,10
2023FE102,2023,DSA,Moderate,0,0
2023FE102,2023,DBMS,Easy,0,0
2023FE102,2023,DBMS,Easy,0,0
2023FE102,2023,DBMS,Moderate,1,10
2023FE102,2023,OS,Difficult,0,0
2023FE102,2023,OS,Difficult,0,0
2023FE102,2023,OS,Easy,0,0
2023FE102,2023,CN,Moderate,1,10
2023FE102,2023,CN,Moderate,0,0
2023FE102,2023,CN,Moderate,0,0
2023FE102,2023,Aptitude,Moderate,1,10
2023FE102,2023,Aptitude,Moderate,0,0
2023FE102,2023,Aptitude,Easy,0,0
2023FE103,2023,DSA,Moderate,0,0
2023FE103,2023,DSA,Moderate,0,0
2023FE103,2023,DSA,Moderate,0,0
2023FE103,2023,DBMS,Difficult,0,0
2023FE103,2023,DBMS,Easy,1,10
2023FE103,2023,DBMS,Easy,0,0
2023FE103,2023,OS,Easy,0,0
2023FE103,2023,OS,Moderate,0,0
2023FE103,2023,OS,Difficult,1,10
2023FE103,2023,CN,Easy,1,10
2023FE103,2023,CN,Easy,0,0
2023FE103,2023,CN,Moderate,0,0
2023FE103,2023,Aptitude,Easy,0,0
2023FE103,2023,Aptitude,Easy,1,10
2023FE103,2023,Aptitude,Easy,0,0
2023FE104,2023,DSA,Moderate,1,10
2023FE104,2023,DSA,Difficult,0,0
2023FE104,2023,DSA,Moderate,1,10
2023FE104,2023,DBMS,Easy,0,0
2023FE104,2023,DBMS,Difficult,0,0
2023FE104,2023,DBMS,Easy,0,0
2023FE104,2023,OS,Difficult,1,10
2023FE104,2023,OS,Moderate,0,0
2023FE104,2023,OS,Difficult,0,0
2023FE104,2023,CN,Difficult,1,10
2023FE104,2023,CN,Easy,1,10
2023FE104,2023,CN,Moderate,0,0
2023FE104,2023,Aptitude,Difficult,0,0
2023FE104,2023,Aptitude,Easy,0,0
2023FE104,2023,Aptitude,Difficult,1,10
2023FE105,2023,DSA,Difficult,0,0
2023FE105,2023,DSA,Easy,0,0
2023FE105,2023,DSA,Difficult,0,0
2023FE105,2023,DBMS,Moderate,1,10
2023FE105,2023,DBMS,Moderate,1,10
2023FE105,2023,DBMS,Moderate,0,0
2023FE105,2023,OS,Difficult,1,10
2023FE105,2023,OS,Difficult,1,10
2023FE105,2023,OS,Moderate,1,10
2023FE105,2023,CN,Moderate,1,10
2023FE105,2023,CN,Easy,0,0
2023FE105,2023,CN,Moderate,1,10
2023FE105,2023,Aptitude,Easy,1,10
2023FE105,2023,Aptitude,Easy,0,0
2023FE105,2023,Aptitude,Difficult,0,0
2023FE106,2023,DSA,Easy,1,10
2023FE106,2023,DSA,Easy,0,0
2023FE106,2023,DSA,Difficult,1,10
2023FE106,2023,DBMS,Difficult,1,10
2023FE106,2023,DBMS,Easy,0,0
2023FE106,2023,DBMS,Difficult,1,10
2023FE106,2023,OS,Moderate,0,0
2023FE106,2023,OS,Easy,0,0
2023FE106,2023,OS,Easy,0,0
2023FE106,2023,CN,Easy,1,10
2023FE106,2023,CN,Easy,1,10
2023FE106,2023,CN,Difficult,1,10
2023FE106,2023,Aptitude,Difficult,0,0
2023FE106,2023,Aptitude,Moderate,1,10
2023FE106,2023,Aptitude,Difficult,1,10
2023FE107,2023,DSA,Easy,1,10
2023FE107,2023,DSA,Moderate,0,0
2023FE107,2023,DSA,Easy,1,10
2023FE107,2023,DBMS,Easy,1,10
2023FE107,2023,DBMS,Difficult,0,0
2023FE107,2023,DBMS,Difficult,1,10
2023FE107,2023,OS,Difficult,0,0
2023FE107,2023,OS,Difficult,1,10
2023FE107,2023,OS,Easy,0,0
2023FE107,2023,CN,Difficult,0,0
2023FE107,2023,CN,Moderate,0,0
2023FE107,2023,CN,Easy,0,0
2023FE107,2023,Aptitude,Difficult,1,10
2023FE107,2023,Aptitude,Easy,0,0
2023FE107,2023,Aptitude,Moderate,0,0
2023FE108,2023,DSA,Difficult,1,10
2023FE108,2023,DSA,Difficult,0,0
2023FE108,2023,DSA,Difficult,0,0
2023FE108,2023,DBMS,Moderate,1,10
2023FE108,2023,DBMS,Difficult,0,0
2023FE108,2023,DBMS,Moderate,0,0
2023FE108,2023,OS,Difficult,0,0
2023FE108,2023,OS,Difficult,1,10
2023FE108,2023,OS,Difficult,1,10
2023FE108,2023,CN,Difficult,1,10
2023FE108,2023,CN,Difficult,0,0
2023FE108,2023,CN,Difficult,0,0
2023FE108,2023,Aptitude,Easy,0,0
2023FE108,2023,Aptitude,Moderate,1,10
2023FE108,2023,Aptitude,Difficult,0,0
2023FE109,2023,DSA,Difficult,1,10
2023FE109,2023,DSA,Moderate,0,0
2023FE109,2023,DSA,Difficult,1,10
2023FE109,2023,DBMS,Moderate,0,0
2023FE109,2023,DBMS,Easy,1,10
2023FE109,2023,DBMS,Moderate,1,10
2023FE109,2023,OS,Easy,1,10
2023FE109,2023,OS,Easy,0,0
2023FE109,2023,OS,Easy,0,0
2023FE109,2023,CN,Easy,0,0
2023FE109,2023,CN,Moderate,1,10
2023FE109,2023,CN,Moderate,1,10
2023FE109,2023,Aptitude,Moderate,0,0
2023FE109,2023,Aptitude,Easy,1,10
2023FE109,2023,Aptitude,Difficult,0,0
2023FE110,2023,DSA,Difficult,0,0
2023FE110,2023,DSA,Difficult,1,10
2023FE110,2023,DSA,Difficult,0,0
2023FE110,2023,DBMS,Moderate,1,10
2023FE110,2023,DBMS,Difficult,0,0
2023FE110,2023,DBMS,Difficult,1,10
2023FE110,2023,OS,Easy,0,0
2023FE110,2023,OS,Easy,0,0
2023FE110,2023,OS,Difficult,1,10
2023FE110,2023,CN,Easy,1,10
2023FE110,2023,CN,Moderate,1,10
2023FE110,2023,CN,Easy,1,10
2023FE110,2023,Aptitude,Moderate,1,10
2023FE110,2023,Aptitude,Easy,0,0
2023FE110,2023,Aptitude,Difficult,1,10
2023FE111,2023,DSA,Difficult,0,0
2023FE111,2023,DSA,Moderate,1,10
2023FE111,2023,DSA,Moderate,0,0
2023FE111,2023,DBMS,Moderate,1,10
2023FE111,2023,DBMS,Difficult,1,10
2023FE111,2023,DBMS,Moderate,0,0
2023FE111,2023,OS,Easy,0,0
2023FE111,2023,OS,Easy,1,10
2023FE111,2023,OS,Easy,0,0
2023FE111,2023,CN,Easy,1,10
2023FE111,2023,CN,Easy,0,0
2023FE111,2023,CN,Difficult,0,0
2023FE111,2023,Aptitude,Moderate,0,0
2023FE111,2023,Aptitude,Moderate,1,10
2023FE111,2023,Aptitude,Difficult,0,0
2023FE112,2023,DSA,Difficult,1,10
2023FE112,2023,DSA,Easy,1,10
2023FE112,2023,DSA,Moderate,1,10
2023FE112,2023,DBMS,Difficult,0,0
2023FE112,2023,DBMS,Moderate,1,10
2023FE112,2023,DBMS,Difficult,1,10
2023FE112,2023,OS,Moderate,1,10
2023FE112,2023,OS,Moderate,0,0
2023FE112,2023,OS,Difficult,1,10
2023FE112,2023,CN,Difficult,0,0
2023FE112,2023,CN,Moderate,0,0
2023FE112,2023,CN,Difficult,0,0
2023FE112,2023,Aptitude,Moderate,0,0
2023FE112,2023,Aptitude,Difficult,1,10
2023FE112,2023,Aptitude,Difficult,1,10
2023FE113,2023,DSA,Moderate,1,10
2023FE113,2023,DSA,Difficult,1,10
2023FE113,2023,DSA,Difficult,1,10
2023FE113,2023,DBMS,Moderate,1,10
2023FE113,2023,DBMS,Difficult,1,10
2023FE113,2023,DBMS,Easy,1,10
2023FE113,2023,OS,Moderate,1,10
2023FE113,2023,OS,Moderate,1,10
2023FE113,2023,OS,Moderate,1,10
2023FE113,2023,CN,Moderate,1,10
2023FE113,2023,CN,Moderate,1,10
2023FE113,2023,CN,Easy,0,0
2023FE113,2023,Aptitude,Difficult,0,0
2023FE113,2023,Aptitude,Easy,0,0
2023FE113,2023,Aptitude,Difficult,0,0
2023FE114,2023,DSA,Difficult,1,10
2023FE114,2023,DSA,Easy,1,10
2023FE114,2023,DSA,Moderate,1,10
2023FE114,2023,DBMS,Easy,1,10
2023FE114,2023,DBMS,Difficult,1,10
2023FE114,2023,DBMS,Moderate,1,10
2023FE114,2023,OS,Easy,0,0
2023FE114,2023,OS,Difficult,1,10
2023FE114,2023,OS,Easy,1,10
2023FE114,2023,CN,Difficult,0,0
2023FE114,2023,CN,Difficult,0,0
2023FE114,2023,CN,Difficult,0,0
2023FE114,2023,Aptitude,Difficult,1,10
2023FE114,2023,Aptitude,Difficult,0,0
2023FE114,2023,Aptitude,Easy,1,10
2023FE115,2023,DSA,Easy,1,10
2023FE115,2023,DSA,Moderate,0,0
2023FE115,2023,DSA,Moderate,0,0
2023FE115,2023,DBMS,Moderate,0,0
2023FE115,2023,DBMS,Difficult,1,10
2023FE115,2023,DBMS,Difficult,1,10
2023FE115,2023,OS,Moderate,0,0
2023FE115,2023,OS,Difficult,0,0
2023FE115,2023,OS,Difficult,1,10
2023FE115,2023,CN,Moderate,0,0
2023FE115,2023,CN,Moderate,1,10
2023FE115,2023,CN,Moderate,0,0
2023FE115,2023,Aptitude,Easy,1,10
2023FE115,2023,Aptitude,Easy,1,10
2023FE115,2023,Aptitude,Easy,1,10
2023FE116,2023,DSA,Moderate,1,10
2023FE116,2023,DSA,Difficult,1,10
2023FE116,2023,DSA,Easy,0,0
2023FE116,2023,DBMS,Difficult,1,10
2023FE116,2023,DBMS,Moderate,1,10
2023FE116,2023,DBMS,Moderate,1,10
2023FE116,2023,OS,Easy,1,10
2023FE116,2023,OS,Easy,0,0
2023FE116,2023,OS,Easy,0,0
2023FE116,2023,CN,Easy,0,0
2023FE116,2023,CN,Moderate,1,10
2023FE116,2023,CN,Moderate,0,0
2023FE116,2023,Aptitude,Moderate,1,10
2023FE116,2023,Aptitude,Moderate,0,0
2023FE116,2023,Aptitude,Moderate,1,10
2023FE117,2023,DSA,Moderate,0,0
2023FE117,2023,DSA,Moderate,0,0
2023FE117,2023,DSA,Moderate,0,0
2023FE117,2023,DBMS,Moderate,0,0
2023FE117,2023,DBMS,Difficult,1,10
2023FE117,2023,DBMS,Difficult,1,10
2023FE117,2023,OS,Difficult,1,10
2023FE117,2023,OS,Difficult,0,0
2023FE117,2023,OS,Easy,0,0
2023FE117,2023,CN,Easy,0,0
2023FE117,2023,CN,Easy,0,0
2023FE117,2023,CN,Moderate,0,0
2023FE117,2023,Aptitude,Difficult,0,0
2023FE117,2023,Aptitude,Easy,0,0
2023FE117,2023,Aptitude,Easy,0,0
2023FE118,2023,DSA,Easy,1,10
2023FE118,2023,DSA,Difficult,0,0
2023FE118,2023,DSA,Difficult,1,10
2023FE118,2023,DBMS,Easy,0,0
2023FE118,2023,DBMS,Easy,1,10
2023FE118,2023,DBMS,Difficult,0,0
2023FE118,2023,OS,Difficult,1,10
2023FE118,2023,OS,Moderate,1,10
2023FE118,2023,OS,Easy,1,10
2023FE118,2023,CN,Moderate,0,0
2023FE118,2023,CN,Difficult,0,0
2023FE118,2023,CN,Difficult,0,0
2023FE118,2023,Aptitude,Moderate,0,0
2023FE118,2023,Aptitude,Easy,1,10
2023FE118,2023,Aptitude,Easy,1,10
2023FE119,2023,DSA,Easy,1,10
2023FE119,2023,DSA,Easy,0,0
2023FE119,2023,DSA,Moderate,0,0
2023FE119,2023,DBMS,Moderate,0,0
2023FE119,2023,DBMS,Moderate,0,0
2023FE119,2023,DBMS,Difficult,1,10
2023FE119,2023,OS,Difficult,0,0
2023FE119,2023,OS,Difficult,0,0
2023FE119,2023,OS,Difficult,0,0
2023FE119,2023,CN,Difficult,1,10
2023FE119,2023,CN,Easy,1,10
2023FE119,2023,CN,Moderate,0,0
2023FE119,2023,Aptitude,Moderate,0,0
2023FE119,2023,Aptitude,Easy,0,0
2023FE119,2023,Aptitude,Easy,0,0
2023FE120,2023,DSA,Difficult,1,10
2023FE120,2023,DSA,Moderate,1,10
2023FE120,2023,DSA,Moderate,1,10
2023FE120,2023,DBMS,Difficult,1,10
2023FE120,2023,DBMS,Easy,0,0
2023FE120,2023,DBMS,Difficult,0,0
2023FE120,2023,OS,Difficult,1,10
2023FE120,2023,OS,Difficult,1,10
2023FE120,2023,OS,Easy,1,10
2023FE120,2023,CN,Difficult,0,0
2023FE120,2023,CN,Difficult,0,0
2023FE120,2023,CN,Difficult,0,0
2023FE120,2023,Aptitude,Easy,1,10
2023FE120,2023,Aptitude,Moderate,1,10
2023FE120,2023,Aptitude,Moderate,0,0
2023FE121,2023,DSA,Easy,0,0
2023FE121,2023,DSA,Moderate,1,10
2023FE121,2023,DSA,Difficult,0,0
2023FE121,2023,DBMS,Moderate,1,10
2023FE121,2023,DBMS,Difficult,0,0
2023FE121,2023,DBMS,Easy,0,0
2023FE121,2023,OS,Easy,1,10
2023FE121,2023,OS,Moderate,0,0
2023FE121,2023,OS,Difficult,0,0
2023FE121,2023,CN,Easy,0,0
2023FE121,2023,CN,Easy,1,10
2023FE121,2023,CN,Difficult,0,0
2023FE121,2023,Aptitude,Moderate,1,10
2023FE121,2023,Aptitude,Easy,0,0
2023FE121,2023,Aptitude,Moderate,1,10
2023FE122,2023,DSA,Moderate,1,10
2023FE122,2023,DSA,Moderate,1,10
2023FE122,2023,DSA,Moderate,1,10
2023FE122,2023,DBMS,Easy,0,0
2023FE122,2023,DBMS,Moderate,1,10
2023FE122,2023,DBMS,Difficult,0,0
2023FE122,2023,OS,Moderate,0,0
2023FE122,2023,OS,Difficult,0,0
2023FE122,2023,OS,Moderate,0,0
2023FE122,2023,CN,Easy,1,10
2023FE122,2023,CN,Moderate,1,10
2023FE122,2023,CN,Difficult,1,10
2023FE122,2023,Aptitude,Difficult,1,10
2023FE122,2023,Aptitude,Easy,1,10
2023FE122,2023,Aptitude,Easy,1,10
2023FE123,2023,DSA,Easy,1,10
2023FE123,2023,DSA,Difficult,1,10
2023FE123,2023,DSA,Difficult,0,0
2023FE123,2023,DBMS,Moderate,0,0
2023FE123,2023,DBMS,Moderate,0,0
2023FE123,2023,DBMS,Easy,1,10
2023FE123,2023,OS,Difficult,1,10
2023FE123,2023,OS,Easy,1,10
2023FE123,2023,OS,Difficult,1,10
2023FE123,2023,CN,Moderate,1,10
2023FE123,2023,CN,Easy,0,0
2023FE123,2023,CN,Easy,1,10
2023FE123,2023,Aptitude,Moderate,0,0
2023FE123,2023,Aptitude,Difficult,0,0
2023FE123,2023,Aptitude,Easy,1,10
2023FE124,2023,DSA,Easy,0,0
2023FE124,2023,DSA,Moderate,1,10
2023FE124,2023,DSA,Difficult,1,10
2023FE124,2023,DBMS,Moderate,0,0
2023FE124,2023,DBMS,Difficult,0,0
2023FE124,2023,DBMS,Difficult,1,10
2023FE124,2023,OS,Easy,1,10
2023FE124,2023,OS,Moderate,1,10
2023FE124,2023,OS,Difficult,1,10
2023FE124,2023,CN,Difficult,1,10
2023FE124,2023,CN,Easy,1,10
2023FE124,2023,CN,Moderate,0,0
2023FE124,2023,Aptitude,Difficult,1,10
2023FE124,2023,Aptitude,Moderate,0,0
2023FE124,2023,Aptitude,Difficult,0,0
2023FE125,2023,DSA,Moderate,1,10
2023FE125,2023,DSA,Moderate,0,0
2023FE125,2023,DSA,Difficult,0,0
2023FE125,2023,DBMS,Moderate,0,0
2023FE125,2023,DBMS,Difficult,0,0
2023FE125,2023,DBMS,Easy,0,0
2023FE125,2023,OS,Moderate,0,0
2023FE125,2023,OS,Moderate,1,10
2023FE125,2023,OS,Difficult,0,0
2023FE125,2023,CN,Moderate,0,0
2023FE125,2023,CN,Easy,1,10
2023FE125,2023,CN,Difficult,0,0
2023FE125,2023,Aptitude,Easy,1,10
2023FE125,2023,Aptitude,Difficult,0,0
2023FE125,2023,Aptitude,Moderate,1,10
2023FE126,2023,DSA,Moderate,1,10
2023FE126,2023,DSA,Moderate,1,10
2023FE126,2023,DSA,Easy,1,10
2023FE126,2023,DBMS,Easy,0,0
2023FE126,2023,DBMS,Difficult,1,10
2023FE126,2023,DBMS,Easy,1,10
2023FE126,2023,OS,Moderate,0,0
2023FE126,2023,OS,Easy,1,10
2023FE126,2023,OS,Difficult,0,0
2023FE126,2023,CN,Difficult,1,10
2023FE126,2023,CN,Difficult,0,0
2023FE126,2023,CN,Easy,0,0
2023FE126,2023,Aptitude,Easy,0,0
2023FE126,2023,Aptitude,Easy,0,0
2023FE126,2023,Aptitude,Difficult,1,10
2023FE127,2023,DSA,Moderate,1,10
2023FE127,2023,DSA,Moderate,0,0
2023FE127,2023,DSA,Easy,0,0
2023FE127,2023,DBMS,Easy,0,0
2023FE127,2023,DBMS,Easy,1,10
2023FE127,2023,DBMS,Difficult,0,0
2023FE127,2023,OS,Difficult,0,0
2023FE127,2023,OS,Easy,0,0
2023FE127,2023,OS,Easy,1,10
2023FE127,2023,CN,Difficult,1,10
2023FE127,2023,CN,Easy,0,0
2023FE127,2023,CN,Difficult,0,0
2023FE127,2023,Aptitude,Difficult,0,0
2023FE127,2023,Aptitude,Moderate,0,0
2023FE127,2023,Aptitude,Easy,0,0
2023FE128,2023,DSA,Difficult,1,10
2023FE128,2023,DSA,Moderate,0,0
2023FE128,2023,DSA,Difficult,0,0
2023FE128,2023,DBMS,Moderate,1,10
2023FE128,2023,DBMS,Difficult,0,0
2023FE128,2023,DBMS,Difficult,0,0
2023FE128,2023,OS,Moderate,0,0
2023FE128,2023,OS,Moderate,1,10
2023FE128,2023,OS,Difficult,0,0
2023FE128,2023,CN,Easy,0,0
2023FE128,2023,CN,Easy,0,0
2023FE128,2023,CN,Easy,1,10
2023FE128,2023,Aptitude,Easy,0,0
2023FE128,2023,Aptitude,Easy,0,0
2023FE128,2023,Aptitude,Moderate,0,0
2023FE129,2023,DSA,Moderate,1,10
2023FE129,2023,DSA,Difficult,1,10
2023FE129,2023,DSA,Difficult,1,10
2023FE129,2023,DBMS,Difficult,1,10
2023FE129,2023,DBMS,Difficult,0,0
2023FE129,2023,DBMS,Moderate,1,10
2023FE129,2023,OS,Easy,0,0
2023FE129,2023,OS,Moderate,0,0
2023FE129,2023,OS,Moderate,1,10
2023FE129,2023,CN,Moderate,1,10
2023FE129,2023,CN,Difficult,0,0
2023FE129,2023,CN,Easy,1,10
2023FE129,2023,Aptitude,Difficult,0,0
2023FE129,2023,Aptitude,Moderate,0,0
2023FE129,2023,Aptitude,Moderate,1,10
2023FE130,2023,DSA,Difficult,1,10
2023FE130,2023,DSA,Moderate,1,10
2023FE130,2023,DSA,Difficult,0,0
2023FE130,2023,DBMS,Difficult,0,0
2023FE130,2023,DBMS,Moderate,1,10
2023FE130,2023,DBMS,Difficult,0,0
2023FE130,2023,OS,Moderate,0,0
2023FE130,2023,OS,Difficult,1,10
2023FE130,2023,OS,Difficult,1,10
2023FE130,2023,CN,Easy,0,0
2023FE130,2023,CN,Easy,0,0
2023FE130,2023,CN,Easy,1,10
2023FE130,2023,Aptitude,Moderate,1,10
2023FE130,2023,Aptitude,Difficult,1,10
2023FE130,2023,Aptitude,Moderate,0,0
2023FE131,2023,DSA,Difficult,0,0
2023FE131,2023,DSA,Moderate,1,10
2023FE131,2023,DSA,Easy,1,10
2023FE131,2023,DBMS,Easy,0,0
2023FE131,2023,DBMS,Easy,0,0
2023FE131,2023,DBMS,Easy,1,10
2023FE131,2023,OS,Moderate,1,10
2023FE131,2023,OS,Easy,0,0
2023FE131,2023,OS,Moderate,0,0
2023FE131,2023,CN,Easy,1,10
2023FE131,2023,CN,Moderate,0,0
2023FE131,2023,CN,Moderate,1,10
2023FE131,2023,Aptitude,Difficult,0,0
2023FE131,2023,Aptitude,Easy,1,10
2023FE131,2023,Aptitude,Difficult,1,10
2023FE132,2023,DSA,Moderate,1,10
2023FE132,2023,DSA,Moderate,1,10
2023FE132,2023,DSA,Moderate,1,10
2023FE132,2023,DBMS,Moderate,0,0
2023FE132,2023,DBMS,Difficult,0,0
2023FE132,2023,DBMS,Difficult,0,0
2023FE132,2023,OS,Difficult,0,0
2023FE132,2023,OS,Difficult,0,0
2023FE132,2023,OS,Difficult,0,0
2023FE132,2023,CN,Difficult,0,0
2023FE132,2023,CN,Moderate,1,10
2023FE132,2023,CN,Difficult,1,10
2023FE132,2023,Aptitude,Moderate,0,0
2023FE132,2023,Aptitude,Difficult,1,10
2023FE132,2023,Aptitude,Difficult,0,0
2023FE133,2023,DSA,Moderate,1,10
2023FE133,2023,DSA,Easy,1,10
2023FE133,2023,DSA,Easy,1,10
2023FE133,2023,DBMS,Moderate,1,10
2023FE133,2023,DBMS,Moderate,1,10
2023FE133,2023,DBMS,Easy,0,0
2023FE133,2023,OS,Difficult,0,0
2023FE133,2023,OS,Easy,0,0
2023FE133,2023,OS,Difficult,1,10
2023FE133,2023,CN,Easy,0,0
2023FE133,2023,CN,Difficult,1,10
2023FE133,2023,CN,Difficult,1,10
2023FE133,2023,Aptitude,Moderate,0,0
2023FE133,2023,Aptitude,Difficult,1,10
2023FE133,2023,Aptitude,Difficult,0,0
2023FE134,2023,DSA,Easy,1,10
2023FE134,2023,DSA,Moderate,1,10
2023FE134,2023,DSA,Difficult,1,10
2023FE134,2023,DBMS,Difficult,1,10
2023FE134,2023,DBMS,Moderate,1,10
2023FE134,2023,DBMS,Easy,1,10
2023FE134,2023,OS,Easy,1,10
2023FE134,2023,OS,Easy,1,10
2023FE134,2023,OS,Difficult,1,10
2023FE134,2023,CN,Moderate,0,0
2023FE134,2023,CN,Moderate,0,0
2023FE134,2023,CN,Easy,0,0
2023FE134,2023,Aptitude,Easy,1,10
2023FE134,2023,Aptitude,Moderate,1,10
2023FE134,2023,Aptitude,Easy,0,0
2023FE135,2023,DSA,Moderate,1,10
2023FE135,2023,DSA,Easy,1,10
2023FE135,2023,DSA,Easy,0,0
2023FE135,2023,DBMS,Moderate,0,0
2023FE135,2023,DBMS,Difficult,0,0
2023FE135,2023,DBMS,Difficult,1,10
2023FE135,2023,OS,Moderate,0,0
2023FE135,2023,OS,Difficult,1,10
2023FE135,2023,OS,Easy,1,10
2023FE135,2023,CN,Difficult,1,10
2023FE135,2023,CN,Easy,0,0
2023FE135,2023,CN,Difficult,1,10
2023FE135,2023,Aptitude,Difficult,0,0
2023FE135,2023,Aptitude,Moderate,1,10
2023FE135,2023,Aptitude,Difficult,1,10
2023FE136,2023,DSA,Difficult,1,10
2023FE136,2023,DSA,Easy,0,0
2023FE136,2023,DSA,Difficult,1,10
2023FE136,2023,DBMS,Easy,1,10
2023FE136,2023,DBMS,Difficult,0,0
2023FE136,2023,DBMS,Moderate,0,0
2023FE136,2023,OS,Easy,0,0
2023FE136,2023,OS,Moderate,0,0
2023FE136,2023,OS,Moderate,1,10
2023FE136,2023,CN,Easy,0,0
2023FE136,2023,CN,Easy,0,0
2023FE136,2023,CN,Difficult,1,10
2023FE136,2023,Aptitude,Moderate,0,0
2023FE136,2023,Aptitude,Difficult,0,0
2023FE136,2023,Aptitude,Moderate,0,0
2023FE137,2023,DSA,Difficult,1,10
2023FE137,2023,DSA,Difficult,1,10
2023FE137,2023,DSA,Easy,0,0
2023FE137,2023,DBMS,Difficult,1,10
2023FE137,2023,DBMS,Difficult,1,10
2023FE137,2023,DBMS,Easy,0,0
2023FE137,2023,OS,Moderate,0,0
2023FE137,2023,OS,Easy,1,10
2023FE137,2023,OS,Difficult,0,0
2023FE137,2023,CN,Easy,1,10
2023FE137,2023,CN,Easy,1,10
2023FE137,2023,CN,Easy,0,0
2023FE137,2023,Aptitude,Difficult,1,10
2023FE137,2023,Aptitude,Moderate,1,10
2023FE137,2023,Aptitude,Difficult,1,10
2023FE138,2023,DSA,Difficult,1,10
2023FE138,2023,DSA,Easy,1,10
2023FE138,2023,DSA,Moderate,0,0
2023FE138,2023,DBMS,Easy,0,0
2023FE138,2023,DBMS,Difficult,0,0
2023FE138,2023,DBMS,Moderate,0,0
2023FE138,2023,OS,Difficult,0,0
2023FE138,2023,OS,Difficult,1,10
2023FE138,2023,OS,Difficult,0,0
2023FE138,2023,CN,Easy,0,0
2023FE138,2023,CN,Easy,0,0
2023FE138,2023,CN,Difficult,0,0
2023FE138,2023,Aptitude,Easy,0,0
2023FE138,2023,Aptitude,Moderate,1,10
2023FE138,2023,Aptitude,Easy,1,10
2023FE139,2023,DSA,Easy,0,0
2023FE139,2023,DSA,Difficult,0,0
2023FE139,2023,DSA,Easy,0,0
2023FE139,2023,DBMS,Moderate,0,0
2023FE139,2023,DBMS,Difficult,1,10
2023FE139,2023,DBMS,Moderate,0,0
2023FE139,2023,OS,Moderate,1,10
2023FE139,2023,OS,Difficult,1,10
2023FE139,2023,OS,Moderate,0,0
2023FE139,2023,CN,Easy,0,0
2023FE139,2023,CN,Moderate,1,10
2023FE139,2023,CN,Easy,0,0
2023FE139,2023,Aptitude,Easy,1,10
2023FE139,2023,Aptitude,Moderate,1,10
2023FE139,2023,Aptitude,Difficult,1,10
2023FE140,2023,DSA,Moderate,1,10
2023FE140,2023,DSA,Moderate,0,0
2023FE140,2023,DSA,Difficult,1,10
2023FE140,2023,DBMS,Easy,1,10
2023FE140,2023,DBMS,Easy,1,10
2023FE140,2023,DBMS,Moderate,0,0
2023FE140,2023,OS,Moderate,0,0
2023FE140,2023,OS,Difficult,1,10
2023FE140,2023,OS,Moderate,1,10
2023FE140,2023,CN,Easy,1,10
2023FE140,2023,CN,Difficult,1,10
2023FE140,2023,CN,Difficult,1,10
2023FE140,2023,Aptitude,Easy,1,10
2023FE140,2023,Aptitude,Easy,0,0
2023FE140,2023,Aptitude,Difficult,1,10
2023FE141,2023,DSA,Difficult,0,0
2023FE141,2023,DSA,Moderate,1,10
2023FE141,2023,DSA,Easy,1,10
2023FE141,2023,DBMS,Easy,1,10
2023FE141,2023,DBMS,Difficult,1,10
2023FE141,2023,DBMS,Moderate,0,0
2023FE141,2023,OS,Difficult,0,0
2023FE141,2023,OS,Easy,1,10
2023FE141,2023,OS,Moderate,1,10
2023FE141,2023,CN,Difficult,1,10
2023FE141,2023,CN,Moderate,1,10
2023FE141,2023,CN,Easy,0,0
2023FE141,2023,Aptitude,Moderate,1,10
2023FE141,2023,Aptitude,Easy,0,0
2023FE141,2023,Aptitude,Moderate,0,0
2023FE142,2023,DSA,Difficult,1,10
2023FE142,2023,DSA,Difficult,1,10
2023FE142,2023,DSA,Moderate,1,10
2023FE142,2023,DBMS,Moderate,1,10
2023FE142,2023,DBMS,Easy,1,10
2023FE142,2023,DBMS,Difficult,1,10
2023FE142,2023,OS,Moderate,0,0
2023FE142,2023,OS,Difficult,0,0
2023FE142,2023,OS,Easy,1,10
2023FE142,2023,CN,Moderate,0,0
2023FE142,2023,CN,Easy,0,0
2023FE142,2023,CN,Moderate,1,10
2023FE142,2023,Aptitude,Difficult,0,0
2023FE142,2023,Aptitude,Difficult,1,10
2023FE142,2023,Aptitude,Moderate,1,10
2023FE143,2023,DSA,Easy,0,0
2023FE143,2023,DSA,Difficult,0,0
2023FE143,2023,DSA,Difficult,1,10
2023FE143,2023,DBMS,Difficult,0,0
2023FE143,2023,DBMS,Easy,0,0
2023FE143,2023,DBMS,Easy,0,0
2023FE143,2023,OS,Easy,0,0
2023FE143,2023,OS,Easy,0,0
2023FE143,2023,OS,Difficult,0,0
2023FE143,2023,CN,Easy,1,10
2023FE143,2023,CN,Moderate,0,0
2023FE143,2023,CN,Difficult,1,10
2023FE143,2023,Aptitude,Easy,0,0
2023FE143,2023,Aptitude,Moderate,1,10
2023FE143,2023,Aptitude,Easy,0,0
2023FE144,2023,DSA,Difficult,1,10
2023FE144,2023,DSA,Easy,1,10
2023FE144,2023,DSA,Difficult,0,0
2023FE144,2023,DBMS,Moderate,1,10
2023FE144,2023,DBMS,Moderate,1,10
2023FE144,2023,DBMS,Difficult,1,10
2023FE144,2023,OS,Moderate,1,10
2023FE144,2023,OS,Difficult,1,10
2023FE144,2023,OS,Easy,0,0
2023FE144,2023,CN,Difficult,1,10
2023FE144,2023,CN,Easy,1,10
2023FE144,2023,CN,Difficult,1,10
2023FE144,2023,Aptitude,Difficult,0,0
2023FE144,2023,Aptitude,Easy,1,10
2023FE144,2023,Aptitude,Easy,1,10
2023FE145,2023,DSA,Difficult,1,10
2023FE145,2023,DSA,Difficult,1,10
2023FE145,2023,DSA,Easy,0,0
2023FE145,2023,DBMS,Difficult,0,0
2023FE145,2023,DBMS,Moderate,1,10
2023FE145,2023,DBMS,Difficult,0,0
2023FE145,2023,OS,Easy,1,10
2023FE145,2023,OS,Moderate,0,0
2023FE145,2023,OS,Difficult,0,0
2023FE145,2023,CN,Moderate,1,10
2023FE145,2023,CN,Easy,1,10
2023FE145,2023,CN,Easy,0,0
2023FE145,2023,Aptitude,Moderate,0,0
2023FE145,2023,Aptitude,Moderate,0,0
2023FE145,2023,Aptitude,Moderate,1,10
2023FE146,2023,DSA,Easy,0,0
2023FE146,2023,DSA,Easy,0,0
2023FE146,2023,DSA,Easy,0,0
2023FE146,2023,DBMS,Easy,1,10
2023FE146,2023,DBMS,Easy,0,0
2023FE146,2023,DBMS,Easy,0,0
2023FE146,2023,OS,Easy,0,0
2023FE146,2023,OS,Easy,1,10
2023FE146,2023,OS,Easy,0,0
2023FE146,2023,CN,Difficult,0,0
2023FE146,2023,CN,Difficult,0,0
2023FE146,2023,CN,Easy,1,10
2023FE146,2023,Aptitude,Easy,1,10
2023FE146,2023,Aptitude,Difficult,1,10
2023FE146,2023,Aptitude,Moderate,1,10
2023FE147,2023,DSA,Difficult,0,0
2023FE147,2023,DSA,Easy,0,0
2023FE147,2023,DSA,Moderate,0,0
2023FE147,2023,DBMS,Moderate,1,10
2023FE147,2023,DBMS,Moderate,1,10
2023FE147,2023,DBMS,Difficult,1,10
2023FE147,2023,OS,Moderate,0,0
2023FE147,2023,OS,Difficult,1,10
2023FE147,2023,OS,Easy,1,10
2023FE147,2023,CN,Easy,0,0
2023FE147,2023,CN,Moderate,1,10
2023FE147,2023,CN,Easy,0,0
2023FE147,2023,Aptitude,Difficult,0,0
2023FE147,2023,Aptitude,Moderate,0,0
2023FE147,2023,Aptitude,Moderate,0,0
2023FE148,2023,DSA,Easy,0,0
2023FE148,2023,DSA,Difficult,0,0
2023FE148,2023,DSA,Difficult,1,10
2023FE148,2023,DBMS,Difficult,0,0
2023FE148,2023,DBMS,Moderate,1,10
2023FE148,2023,DBMS,Moderate,1,10
2023FE148,2023,OS,Moderate,1,10
2023FE148,2023,OS,Easy,0,0
2023FE148,2023,OS,Difficult,0,0
2023FE148,2023,CN,Easy,1,10
2023FE148,2023,CN,Moderate,0,0
2023FE148,2023,CN,Easy,0,0
2023FE148,2023,Aptitude,Easy,1,10
2023FE148,2023,Aptitude,Easy,1,10
2023FE148,2023,Aptitude,Moderate,0,0
2023FE149,2023,DSA,Difficult,0,0
2023FE149,2023,DSA,Moderate,1,10
2023FE149,2023,DSA,Difficult,1,10
2023FE149,2023,DBMS,Easy,0,0
2023FE149,2023,DBMS,Difficult,0,0
2023FE149,2023,DBMS,Easy,1,10
2023FE149,2023,OS,Easy,0,0
2023FE149,2023,OS,Moderate,0,0
2023FE149,2023,OS,Moderate,1,10
2023FE149,2023,CN,Difficult,0,0
2023FE149,2023,CN,Moderate,1,10
2023FE149,2023,CN,Moderate,0,0
2023FE149,2023,Aptitude,Moderate,1,10
2023FE149,2023,Aptitude,Easy,0,0
2023FE149,2023,Aptitude,Moderate,0,0
2023FE150,2023,DSA,Easy,1,10
2023FE150,2023,DSA,Difficult,0,0
2023FE150,2023,DSA,Moderate,1,10
2023FE150,2023,DBMS,Moderate,1,10
2023FE150,2023,DBMS,Easy,1,10
2023FE150,2023,DBMS,Easy,0,0
2023FE150,2023,OS,Moderate,0,0
2023FE150,2023,OS,Difficult,1,10
2023FE150,2023,OS,Difficult,0,0
2023FE150,2023,CN,Moderate,1,10
2023FE150,2023,CN,Easy,0,0
2023FE150,2023,CN,Difficult,0,0
2023FE150,2023,Aptitude,Easy,0,0
2023FE150,2023,Aptitude,Easy,1,10
2023FE150,2023,Aptitude,Moderate,1,10
2024FE101,2024,DSA,Difficult,1,10
2024FE101,2024,DSA,Difficult,1,10
2024FE101,2024,DSA,Difficult,1,10
2024FE101,2024,DBMS,Moderate,1,10
2024FE101,2024,DBMS,Easy,1,10
2024FE101,2024,DBMS,Moderate,0,0
2024FE101,2024,OS,Easy,0,0
2024FE101,2024,OS,Moderate,1,10
2024FE101,2024,OS,Difficult,0,0
2024FE101,2024,CN,Difficult,0,0
2024FE101,2024,CN,Moderate,0,0
2024FE101,2024,CN,Moderate,1,10
2024FE101,2024,Aptitude,Difficult,1,10
2024FE101,2024,Aptitude,Difficult,0,0
2024FE101,2024,Aptitude,Moderate,1,10
2024FE102,2024,DSA,Difficult,0,0
2024FE102,2024,DSA,Moderate,0,0
2024FE102,2024,DSA,Difficult,0,0
2024FE102,2024,DBMS,Easy,1,10
2024FE102,2024,DBMS,Moderate,1,10
2024FE102,2024,DBMS,Difficult,0,0
2024FE102,2024,OS,Easy,0,0
2024FE102,2024,OS,Moderate,1,10
2024FE102,2024,OS,Easy,0,0
2024FE102,2024,CN,Easy,1,10
2024FE102,2024,CN,Difficult,0,0
2024FE102,2024,CN,Difficult,1,10
2024FE102,2024,Aptitude,Moderate,1,10
2024FE102,2024,Aptitude,Moderate,1,10
2024FE102,2024,Aptitude,Easy,0,0
2024FE103,2024,DSA,Easy,0,0
2024FE103,2024,DSA,Easy,1,10
2024FE103,2024,DSA,Easy,1,10
2024FE103,2024,DBMS,Easy,1,10
2024FE103,2024,DBMS,Moderate,1,10
2024FE103,2024,DBMS,Easy,0,0
2024FE103,2024,OS,Difficult,1,10
2024FE103,2024,OS,Easy,0,0
2024FE103,2024,OS,Difficult,1,10
2024FE103,2024,CN,Difficult,0,0
2024FE103,2024,CN,Moderate,0,0
2024FE103,2024,CN,Moderate,0,0
2024FE103,2024,Aptitude,Moderate,0,0
2024FE103,2024,Aptitude,Easy,0,0
2024FE103,2024,Aptitude,Difficult,0,0
2024FE104,2024,DSA,Moderate,0,0
2024FE104,2024,DSA,Easy,1,10
2024FE104,2024,DSA,Moderate,0,0
2024FE104,2024,DBMS,Difficult,1,10
2024FE104,2024,DBMS,Easy,0,0
2024FE104,2024,DBMS,Easy,1,10
2024FE104,2024,OS,Easy,0,0
2024FE104,2024,OS,Easy,0,0
2024FE104,2024,OS,Difficult,0,0
2024FE104,2024,CN,Easy,0,0
2024FE104,2024,CN,Moderate,1,10
2024FE104,2024,CN,Difficult,0,0
2024FE104,2024,Aptitude,Difficult,1,10
2024FE104,2024,Aptitude,Easy,1,10
2024FE104,2024,Aptitude,Difficult,0,0
2024FE105,2024,DSA,Difficult,1,10
2024FE105,2024,DSA,Easy,1,10
2024FE105,2024,DSA,Moderate,1,10
2024FE105,2024,DBMS,Moderate,1,10
2024FE105,2024,DBMS,Difficult,0,0
2024FE105,2024,DBMS,Moderate,1,10
2024FE105,2024,OS,Easy,0,0
2024FE105,2024,OS,Difficult,1,10
2024FE105,2024,OS,Difficult,0,0
2024FE105,2024,CN,Moderate,0,0
2024FE105,2024,CN,Easy,0,0
2024FE105,2024,CN,Easy,0,0
2024FE105,2024,Aptitude,Easy,1,10
2024FE105,2024,Aptitude,Difficult,1,10
2024FE105,2024,Aptitude,Difficult,1,10
2024FE106,2024,DSA,Difficult,0,0
2024FE106,2024,DSA,Easy,1,10
2024FE106,2024,DSA,Moderate,1,10
2024FE106,2024,DBMS,Easy,1,10
2024FE106,2024,DBMS,Difficult,1,10
2024FE106,2024,DBMS,Moderate,1,10
2024FE106,2024,OS,Difficult,1,10
2024FE106,2024,OS,Moderate,0,0
2024FE106,2024,OS,Difficult,0,0
2024FE106,2024,CN,Easy,0,0
2024FE106,2024,CN,Moderate,1,10
2024FE106,2024,CN,Moderate,0,0
2024FE106,2024,Aptitude,Difficult,1,10
2024FE106,2024,Aptitude,Easy,1,10
2024FE106,2024,Aptitude,Difficult,1,10
2024FE107,2024,DSA,Difficult,0,0
2024FE107,2024,DSA,Easy,1,10
2024FE107,2024,DSA,Difficult,1,10
2024FE107,2024,DBMS,Difficult,1,10
2024FE107,2024,DBMS,Easy,0,0
2024FE107,2024,DBMS,Easy,0,0
2024FE107,2024,OS,Difficult,1,10
2024FE107,2024,OS,Difficult,0,0
2024FE107,2024,OS,Moderate,1,10
2024FE107,2024,CN,Difficult,0,0
2024FE107,2024,CN,Difficult,1,10
2024FE107,2024,CN,Easy,0,0
2024FE107,2024,Aptitude,Easy,0,0
2024FE107,2024,Aptitude,Moderate,1,10
2024FE107,2024,Aptitude,Difficult,0,0
2024FE108,2024,DSA,Difficult,1,10
2024FE108,2024,DSA,Difficult,0,0
2024FE108,2024,DSA,Easy,0,0
2024FE108,2024,DBMS,Moderate,0,0
2024FE108,2024,DBMS,Easy,1,10
2024FE108,2024,DBMS,Easy,1,10
2024FE108,2024,OS,Difficult,0,0
2024FE108,2024,OS,Difficult,0,0
2024FE108,2024,OS,Difficult,1,10
2024FE108,2024,CN,Easy,0,0
2024FE108,2024,CN,Moderate,1,10
2024FE108,2024,CN,Difficult,0,0
2024FE108,2024,Aptitude,Difficult,0,0
2024FE108,2024,Aptitude,Easy,0,0
2024FE108,2024,Aptitude,Moderate,0,0
2024FE109,2024,DSA,Easy,0,0
2024FE109,2024,DSA,Difficult,1,10
2024FE109,2024,DSA,Difficult,1,10
2024FE109,2024,DBMS,Difficult,0,0
2024FE109,2024,DBMS,Easy,1,10
2024FE109,2024,DBMS,Moderate,1,10
2024FE109,2024,OS,Moderate,0,0
2024FE109,2024,OS,Difficult,0,0
2024FE109,2024,OS,Difficult,1,10
2024FE109,2024,CN,Difficult,1,10
2024FE109,2024,CN,Moderate,0,0
2024FE109,2024,CN,Easy,1,10
2024FE109,2024,Aptitude,Difficult,0,0
2024FE109,2024,Aptitude,Easy,0,0
2024FE109,2024,Aptitude,Difficult,0,0
2024FE110,2024,DSA,Moderate,0,0
2024FE110,2024,DSA,Easy,1,10
2024FE110,2024,DSA,Difficult,0,0
2024FE110,2024,DBMS,Easy,0,0
2024FE110,2024,DBMS,Moderate,1,10
2024FE110,2024,DBMS,Easy,1,10
2024FE110,2024,OS,Difficult,0,0
2024FE110,2024,OS,Easy,0,0
2024FE110,2024,OS,Difficult,1,10
2024FE110,2024,CN,Easy,1,10
2024FE110,2024,CN,Easy,1,10
2024FE110,2024,CN,Difficult,1,10
2024FE110,2024,Aptitude,Easy,1,10
2024FE110,2024,Aptitude,Difficult,1,10
2024FE110,2024,Aptitude,Moderate,0,0
2024FE111,2024,DSA,Easy,0,0
2024FE111,2024,DSA,Moderate,0,0
2024FE111,2024,DSA,Easy,0,0
2024FE111,2024,DBMS,Easy,1,10
2024FE111,2024,DBMS,Moderate,1,10
2024FE111,2024,DBMS,Easy,1,10
2024FE111,2024,OS,Moderate,1,10
2024FE111,2024,OS,Moderate,1,10
2024FE111,2024,OS,Moderate,0,0
2024FE111,2024,CN,Easy,1,10
2024FE111,2024,CN,Easy,0,0
2024FE111,2024,CN,Moderate,1,10
2024FE111,2024,Aptitude,Difficult,1,10
2024FE111,2024,Aptitude,Moderate,0,0
2024FE111,2024,Aptitude,Moderate,1,10
2024FE112,2024,DSA,Difficult,1,10
2024FE112,2024,DSA,Difficult,1,10
2024FE112,2024,DSA,Easy,1,10
2024FE112,2024,DBMS,Difficult,1,10
2024FE112,2024,DBMS,Difficult,0,0
2024FE112,2024,DBMS,Difficult,1,10
2024FE112,2024,OS,Easy,1,10
2024FE112,2024,OS,Easy,0,0
2024FE112,2024,OS,Difficult,0,0
2024FE112,2024,CN,Difficult,1,10
2024FE112,2024,CN,Difficult,0,0
2024FE112,2024,CN,Difficult,1,10
2024FE112,2024,Aptitude,Easy,0,0
2024FE112,2024,Aptitude,Moderate,1,10
2024FE112,2024,Aptitude,Difficult,0,0
2024FE113,2024,DSA,Moderate,0,0
2024FE113,2024,DSA,Difficult,1,10
2024FE113,2024,DSA,Moderate,0,0
2024FE113,2024,DBMS,Easy,1,10
2024FE113,2024,DBMS,Easy,1,10
2024FE113,2024,DBMS,Difficult,0,0
2024FE113,2024,OS,Difficult,1,10
2024FE113,2024,OS,Easy,1,10
2024FE113,2024,OS,Difficult,1,10
2024FE113,2024,CN,Easy,1,10
2024FE113,2024,CN,Moderate,0,0
2024FE113,2024,CN,Difficult,0,0
2024FE113,2024,Aptitude,Easy,1,10
2024FE113,2024,Aptitude,Difficult,1,10
2024FE113,2024,Aptitude,Easy,0,0
2024FE114,2024,DSA,Moderate,0,0
2024FE114,2024,DSA,Difficult,1,10
2024FE114,2024,DSA,Easy,1,10
2024FE114,2024,DBMS,Moderate,0,0
2024FE114,2024,DBMS,Moderate,0,0
2024FE114,2024,DBMS,Easy,0,0
2024FE114,2024,OS,Difficult,0,0
2024FE114,2024,OS,Difficult,1,10
2024FE114,2024,OS,Moderate,1,10
2024FE114,2024,CN,Moderate,0,0
2024FE114,2024,CN,Difficult,1,10
2024FE114,2024,CN,Easy,0,0
2024FE114,2024,Aptitude,Moderate,0,0
2024FE114,2024,Aptitude,Difficult,0,0
2024FE114,2024,Aptitude,Difficult,0,0
2024FE115,2024,DSA,Difficult,1,10
2024FE115,2024,DSA,Difficult,0,0
2024FE115,2024,DSA,Moderate,0,0
2024FE115,2024,DBMS,Easy,0,0
2024FE115,2024,DBMS,Difficult,1,10
2024FE115,2024,DBMS,Moderate,0,0
2024FE115,2024,OS,Difficult,0,0
2024FE115,2024,OS,Easy,1,10
2024FE115,2024,OS,Easy,1,10
2024FE115,2024,CN,Difficult,0,0
2024FE115,2024,CN,Difficult,1,10
2024FE115,2024,CN,Difficult,0,0
2024FE115,2024,Aptitude,Easy,0,0
2024FE115,2024,Aptitude,Easy,0,0
2024FE115,2024,Aptitude,Difficult,0,0
2024FE116,2024,DSA,Difficult,0,0
2024FE116,2024,DSA,Easy,1,10
2024FE116,2024,DSA,Difficult,1,10
2024FE116,2024,DBMS,Difficult,1,10
2024FE116,2024,DBMS,Easy,1,10
2024FE116,2024,DBMS,Difficult,1,10
2024FE116,2024,OS,Easy,1,10
2024FE116,2024,OS,Easy,1,10
2024FE116,2024,OS,Easy,1,10
2024FE116,2024,CN,Moderate,1,10
2024FE116,2024,CN,Difficult,0,0
2024FE116,2024,CN,Difficult,0,0
2024FE116,2024,Aptitude,Moderate,1,10
2024FE116,2024,Aptitude,Difficult,0,0
2024FE116,2024,Aptitude,Easy,0,0
2024FE117,2024,DSA,Moderate,1,10
2024FE117,2024,DSA,Easy,0,0
2024FE117,2024,DSA,Difficult,1,10
2024FE117,2024,DBMS,Easy,0,0
2024FE117,2024,DBMS,Difficult,1,10
2024FE117,2024,DBMS,Easy,1,10
2024FE117,2024,OS,Difficult,0,0
2024FE117,2024,OS,Difficult,0,0
2024FE117,2024,OS,Moderate,1,10
2024FE117,2024,CN,Easy,0,0
2024FE117,2024,CN,Difficult,0,0
2024FE117,2024,CN,Moderate,1,10
2024FE117,2024,Aptitude,Easy,1,10
2024FE117,2024,Aptitude,Moderate,0,0
2024FE117,2024,Aptitude,Moderate,0,0
2024FE118,2024,DSA,Difficult,0,0
2024FE118,2024,DSA,Easy,1,10
2024FE118,2024,DSA,Easy,0,0
2024FE118,2024,DBMS,Moderate,1,10
2024FE118,2024,DBMS,Easy,1,10
2024FE118,2024,DBMS,Difficult,0,0
2024FE118,2024,OS,Difficult,0,0
2024FE118,2024,OS,Easy,1,10
2024FE118,2024,OS,Easy,1,10
2024FE118,2024,CN,Moderate,0,0
2024FE118,2024,CN,Moderate,1,10
2024FE118,2024,CN,Difficult,0,0
2024FE118,2024,Aptitude,Easy,1,10
2024FE118,2024,Aptitude,Moderate,0,0
2024FE118,2024,Aptitude,Difficult,1,10
2024FE119,2024,DSA,Difficult,1,10
2024FE119,2024,DSA,Difficult,1,10
2024FE119,2024,DSA,Difficult,1,10
2024FE119,2024,DBMS,Difficult,1,10
2024FE119,2024,DBMS,Moderate,1,10
2024FE119,2024,DBMS,Moderate,1,10
2024FE119,2024,OS,Difficult,0,0
2024FE119,2024,OS,Moderate,1,10
2024FE119,2024,OS,Moderate,1,10
2024FE119,2024,CN,Difficult,0,0
2024FE119,2024,CN,Difficult,0,0
2024FE119,2024,CN,Easy,0,0
2024FE119,2024,Aptitude,Moderate,1,10
2024FE119,2024,Aptitude,Easy,1,10
2024FE119,2024,Aptitude,Moderate,1,10
2024FE120,2024,DSA,Moderate,1,10
2024FE120,2024,DSA,Easy,1,10
2024FE120,2024,DSA,Moderate,1,10
2024FE120,2024,DBMS,Easy,1,10
2024FE120,2024,DBMS,Easy,1,10
2024FE120,2024,DBMS,Easy,1,10
2024FE120,2024,OS,Difficult,1,10
2024FE120,2024,OS,Difficult,1,10
2024FE120,2024,OS,Difficult,1,10
2024FE120,2024,CN,Easy,0,0
2024FE120,2024,CN,Easy,0,0
2024FE120,2024,CN,Moderate,1,10
2024FE120,2024,Aptitude,Difficult,0,0
2024FE120,2024,Aptitude,Moderate,1,10
2024FE120,2024,Aptitude,Easy,1,10
2024FE121,2024,DSA,Difficult,1,10
2024FE121,2024,DSA,Easy,0,0
2024FE121,2024,DSA,Moderate,1,10
2024FE121,2024,DBMS,Easy,0,0
2024FE121,2024,DBMS,Easy,0,0
2024FE121,2024,DBMS,Difficult,0,0
2024FE121,2024,OS,Difficult,0,0
2024FE121,2024,OS,Easy,1,10
2024FE121,2024,OS,Easy,0,0
2024FE121,2024,CN,Difficult,0,0
2024FE121,2024,CN,Moderate,0,0
2024FE121,2024,CN,Difficult,0,0
2024FE121,2024,Aptitude,Moderate,0,0
2024FE121,2024,Aptitude,Easy,0,0
2024FE121,2024,Aptitude,Moderate,0,0
2024FE122,2024,DSA,Difficult,1,10
2024FE122,2024,DSA,Easy,0,0
2024FE122,2024,DSA,Easy,1,10
2024FE122,2024,DBMS,Difficult,1,10
2024FE122,2024,DBMS,Easy,1,10
2024FE122,2024,DBMS,Moderate,0,0
2024FE122,2024,OS,Moderate,0,0
2024FE122,2024,OS,Easy,1,10
2024FE122,2024,OS,Easy,0,0
2024FE122,2024,CN,Easy,0,0
2024FE122,2024,CN,Easy,0,0
2024FE122,2024,CN,Easy,0,0
2024FE122,2024,Aptitude,Moderate,0,0
2024FE122,2024,Aptitude,Moderate,0,0
2024FE122,2024,Aptitude,Easy,0,0
2024FE123,2024,DSA,Moderate,1,10
2024FE123,2024,DSA,Easy,0,0
2024FE123,2024,DSA,Easy,0,0
2024FE123,2024,DBMS,Easy,0,0
2024FE123,2024,DBMS,Moderate,0,0
2024FE123,2024,DBMS,Difficult,0,0
2024FE123,2024,OS,Difficult,1,10
2024FE123,2024,OS,Difficult,1,10
2024FE123,2024,OS,Moderate,1,10
2024FE123,2024,CN,Moderate,0,0
2024FE123,2024,CN,Moderate,0,0
2024FE123,2024,CN,Moderate,0,0
2024FE123,2024,Aptitude,Easy,0,0
2024FE123,2024,Aptitude,Difficult,1,10
2024FE123,2024,Aptitude,Moderate,0,0
2024FE124,2024,DSA,Moderate,0,0
2024FE124,2024,DSA,Moderate,0,0
2024FE124,2024,DSA,Difficult,0,0
2024FE124,2024,DBMS,Moderate,0,0
2024FE124,2024,DBMS,Moderate,0,0
2024FE124,2024,DBMS,Easy,1,10
2024FE124,2024,OS,Moderate,1,10
2024FE124,2024,OS,Moderate,1,10
2024FE124,2024,OS,Easy,1,10
2024FE124,2024,CN,Easy,0,0
2024FE124,2024,CN,Moderate,1,10
2024FE124,2024,CN,Moderate,0,0
2024FE124,2024,Aptitude,Moderate,0,0
2024FE124,2024,Aptitude,Difficult,1,10
2024FE124,2024,Aptitude,Moderate,0,0
2024FE125,2024,DSA,Easy,1,10
2024FE125,2024,DSA,Difficult,1,10
2024FE125,2024,DSA,Difficult,1,10
2024FE125,2024,DBMS,Easy,0,0
2024FE125,2024,DBMS,Moderate,0,0
2024FE125,2024,DBMS,Difficult,0,0
2024FE125,2024,OS,Difficult,1,10
2024FE125,2024,OS,Moderate,1,10
2024FE125,2024,OS,Difficult,1,10
2024FE125,2024,CN,Difficult,1,10
2024FE125,2024,CN,Moderate,1,10
2024FE125,2024,CN,Easy,0,0
2024FE125,2024,Aptitude,Easy,1,10
2024FE125,2024,Aptitude,Moderate,0,0
2024FE125,2024,Aptitude,Easy,0,0
2024FE126,2024,DSA,Moderate,0,0
2024FE126,2024,DSA,Difficult,0,0
2024FE126,2024,DSA,Difficult,0,0
2024FE126,2024,DBMS,Easy,0,0
2024FE126,2024,DBMS,Easy,1,10
2024FE126,2024,DBMS,Easy,0,0
2024FE126,2024,OS,Easy,0,0
2024FE126,2024,OS,Difficult,0,0
2024FE126,2024,OS,Easy,0,0
2024FE126,2024,CN,Difficult,1,10
2024FE126,2024,CN,Easy,0,0
2024FE126,2024,CN,Easy,1,10
2024FE126,2024,Aptitude,Moderate,1,10
2024FE126,2024,Aptitude,Difficult,1,10
2024FE126,2024,Aptitude,Easy,0,0
2024FE127,2024,DSA,Difficult,0,0
2024FE127,2024,DSA,Easy,1,10
2024FE127,2024,DSA,Moderate,0,0
2024FE127,2024,DBMS,Difficult,0,0
2024FE127,2024,DBMS,Difficult,1,10
2024FE127,2024,DBMS,Difficult,0,0
2024FE127,2024,OS,Difficult,0,0
2024FE127,2024,OS,Difficult,0,0
2024FE127,2024,OS,Moderate,1,10
2024FE127,2024,CN,Moderate,0,0
2024FE127,2024,CN,Moderate,0,0
2024FE127,2024,CN,Easy,1,10
2024FE127,2024,Aptitude,Moderate,0,0
2024FE127,2024,Aptitude,Difficult,1,10
2024FE127,2024,Aptitude,Difficult,1,10
2024FE128,2024,DSA,Easy,0,0
2024FE128,2024,DSA,Difficult,1,10
2024FE128,2024,DSA,Moderate,0,0
2024FE128,2024,DBMS,Difficult,1,10
2024FE128,2024,DBMS,Easy,0,0
2024FE128,2024,DBMS,Easy,0,0
2024FE128,2024,OS,Easy,1,10
2024FE128,2024,OS,Difficult,0,0
2024FE128,2024,OS,Difficult,1,10
2024FE128,2024,CN,Difficult,1,10
2024FE128,2024,CN,Difficult,0,0
2024FE128,2024,CN,Moderate,1,10
2024FE128,2024,Aptitude,Moderate,1,10
2024FE128,2024,Aptitude,Easy,1,10
2024FE128,2024,Aptitude,Difficult,0,0
2024FE129,2024,DSA,Easy,0,0
2024FE129,2024,DSA,Difficult,0,0
2024FE129,2024,DSA,Difficult,1,10
2024FE129,2024,DBMS,Easy,0,0
2024FE129,2024,DBMS,Difficult,1,10
2024FE129,2024,DBMS,Difficult,1,10
2024FE129,2024,OS,Difficult,1,10
2024FE129,2024,OS,Moderate,1,10
2024FE129,2024,OS,Easy,0,0
2024FE129,2024,CN,Easy,1,10
2024FE129,2024,CN,Difficult,1,10
2024FE129,2024,CN,Easy,1,10
2024FE129,2024,Aptitude,Easy,0,0
2024FE129,2024,Aptitude,Easy,0,0
2024FE129,2024,Aptitude,Difficult,0,0
2024FE130,2024,DSA,Easy,1,10
2024FE130,2024,DSA,Moderate,0,0
2024FE130,2024,DSA,Moderate,0,0
2024FE130,2024,DBMS,Difficult,1,10
2024FE130,2024,DBMS,Easy,1,10
2024FE130,2024,DBMS,Difficult,0,0
2024FE130,2024,OS,Moderate,1,10
2024FE130,2024,OS,Difficult,1,10
2024FE130,2024,OS,Easy,1,10
2024FE130,2024,CN,Difficult,0,0
2024FE130,2024,CN,Moderate,0,0
2024FE130,2024,CN,Moderate,0,0
2024FE130,2024,Aptitude,Easy,0,0
2024FE130,2024,Aptitude,Moderate,1,10
2024FE130,2024,Aptitude,Moderate,1,10
2024FE131,2024,DSA,Moderate,1,10
2024FE131,2024,DSA,Moderate,0,0
2024FE131,2024,DSA,Easy,1,10
2024FE131,2024,DBMS,Moderate,1,10
2024FE131,2024,DBMS,Difficult,0,0
2024FE131,2024,DBMS,Moderate,0,0
2024FE131,2024,OS,Easy,1,10
2024FE131,2024,OS,Moderate,0,0
2024FE131,2024,OS,Easy,1,10
2024FE131,2024,CN,Difficult,0,0
2024FE131,2024,CN,Easy,0,0
2024FE131,2024,CN,Moderate,0,0
2024FE131,2024,Aptitude,Easy,0,0
2024FE131,2024,Aptitude,Difficult,0,0
2024FE131,2024,Aptitude,Moderate,0,0
2024FE132,2024,DSA,Easy,1,10
2024FE132,2024,DSA,Easy,0,0
2024FE132,2024,DSA,Easy,1,10
2024FE132,2024,DBMS,Moderate,1,10
2024FE132,2024,DBMS,Easy,0,0
2024FE132,2024,DBMS,Easy,1,10
2024FE132,2024,OS,Easy,1,10
2024FE132,2024,OS,Difficult,1,10
2024FE132,2024,OS,Difficult,1,10
2024FE132,2024,CN,Moderate,1,10
2024FE132,2024,CN,Difficult,1,10
2024FE132,2024,CN,Moderate,0,0
2024FE132,2024,Aptitude,Difficult,1,10
2024FE132,2024,Aptitude,Difficult,1,10
2024FE132,2024,Aptitude,Moderate,1,10
2024FE133,2024,DSA,Difficult,0,0
2024FE133,2024,DSA,Moderate,1,10
2024FE133,2024,DSA,Difficult,0,0
2024FE133,2024,DBMS,Easy,1,10
2024FE133,2024,DBMS,Moderate,1,10
2024FE133,2024,DBMS,Difficult,1,10
2024FE133,2024,OS,Easy,1,10
2024FE133,2024,OS,Easy,1,10
2024FE133,2024,OS,Easy,1,10
2024FE133,2024,CN,Moderate,1,10
2024FE133,2024,CN,Difficult,1,10
2024FE133,2024,CN,Easy,1,10
2024FE133,2024,Aptitude,Easy,0,0
2024FE133,2024,Aptitude,Moderate,0,0
2024FE133,2024,Aptitude,Difficult,1,10
2024FE134,2024,DSA,Difficult,0,0
2024FE134,2024,DSA,Easy,1,10
2024FE134,2024,DSA,Moderate,1,10
2024FE134,2024,DBMS,Difficult,1,10
2024FE134,2024,DBMS,Easy,1,10
2024FE134,2024,DBMS,Moderate,0,0
2024FE134,2024,OS,Easy,1,10
2024FE134,2024,OS,Easy,0,0
2024FE134,2024,OS,Moderate,0,0
2024FE134,2024,CN,Difficult,0,0
2024FE134,2024,CN,Easy,1,10
2024FE134,2024,CN,Difficult,1,10
2024FE134,2024,Aptitude,Difficult,0,0
2024FE134,2024,Aptitude,Difficult,0,0
2024FE134,2024,Aptitude,Easy,0,0
2024FE135,2024,DSA,Moderate,1,10
2024FE135,2024,DSA,Easy,0,0
2024FE135,2024,DSA,Easy,1,10
2024FE135,2024,DBMS,Difficult,0,0
2024FE135,2024,DBMS,Difficult,1,10
2024FE135,2024,DBMS,Moderate,1,10
2024FE135,2024,OS,Moderate,1,10
2024FE135,2024,OS,Easy,1,10
2024FE135,2024,OS,Difficult,1,10
2024FE135,2024,CN,Moderate,1,10
2024FE135,2024,CN,Difficult,1,10
2024FE135,2024,CN,Moderate,0,0
2024FE135,2024,Aptitude,Difficult,0,0
2024FE135,2024,Aptitude,Difficult,0,0
2024FE135,2024,Aptitude,Moderate,1,10
2024FE136,2024,DSA,Easy,0,0
2024FE136,2024,DSA,Moderate,0,0
2024FE136,2024,DSA,Difficult,0,0
2024FE136,2024,DBMS,Easy,1,10
2024FE136,2024,DBMS,Difficult,1,10
2024FE136,2024,DBMS,Easy,0,0
2024FE136,2024,OS,Moderate,0,0
2024FE136,2024,OS,Difficult,1,10
2024FE136,2024,OS,Moderate,0,0
2024FE136,2024,CN,Difficult,0,0
2024FE136,2024,CN,Moderate,0,0
2024FE136,2024,CN,Moderate,0,0
2024FE136,2024,Aptitude,Easy,0,0
2024FE136,2024,Aptitude,Easy,1,10
2024FE136,2024,Aptitude,Easy,0,0
2024FE137,2024,DSA,Moderate,1,10
2024FE137,2024,DSA,Difficult,1,10
2024FE137,2024,DSA,Difficult,0,0
2024FE137,2024,DBMS,Difficult,0,0
2024FE137,2024,DBMS,Easy,0,0
2024FE137,2024,DBMS,Easy,1,10
2024FE137,2024,OS,Easy,0,0
2024FE137,2024,OS,Difficult,1,10
2024FE137,2024,OS,Difficult,0,0
2024FE137,2024,CN,Moderate,1,10
2024FE137,2024,CN,Moderate,1,10
2024FE137,2024,CN,Easy,0,0
2024FE137,2024,Aptitude,Easy,0,0
2024FE137,2024,Aptitude,Easy,0,0
2024FE137,2024,Aptitude,Moderate,1,10
2024FE138,2024,DSA,Moderate,1,10
2024FE138,2024,DSA,Difficult,1,10
2024FE138,2024,DSA,Easy,0,0
2024FE138,2024,DBMS,Difficult,1,10
2024FE138,2024,DBMS,Moderate,0,0
2024FE138,2024,DBMS,Difficult,1,10
2024FE138,2024,OS,Difficult,0,0
2024FE138,2024,OS,Moderate,0,0
2024FE138,2024,OS,Difficult,1,10
2024FE138,2024,CN,Difficult,0,0
2024FE138,2024,CN,Moderate,0,0
2024FE138,2024,CN,Moderate,1,10
2024FE138,2024,Aptitude,Moderate,0,0
2024FE138,2024,Aptitude,Easy,1,10
2024FE138,2024,Aptitude,Easy,0,0
2024FE139,2024,DSA,Moderate,0,0
2024FE139,2024,DSA,Difficult,0,0
2024FE139,2024,DSA,Easy,0,0
2024FE139,2024,DBMS,Moderate,1,10
2024FE139,2024,DBMS,Moderate,1,10
2024FE139,2024,DBMS,Moderate,1,10
2024FE139,2024,OS,Moderate,0,0
2024FE139,2024,OS,Easy,0,0
2024FE139,2024,OS,Easy,1,10
2024FE139,2024,CN,Moderate,0,0
2024FE139,2024,CN,Moderate,1,10
2024FE139,2024,CN,Easy,0,0
2024FE139,2024,Aptitude,Difficult,1,10
2024FE139,2024,Aptitude,Moderate,1,10
2024FE139,2024,Aptitude,Difficult,0,0
2024FE140,2024,DSA,Easy,1,10
2024FE140,2024,DSA,Moderate,0,0
2024FE140,2024,DSA,Difficult,1,10
2024FE140,2024,DBMS,Easy,0,0
2024FE140,2024,DBMS,Difficult,1,10
2024FE140,2024,DBMS,Easy,0,0
2024FE140,2024,OS,Easy,1,10
2024FE140,2024,OS,Difficult,0,0
2024FE140,2024,OS,Moderate,1,10
2024FE140,2024,CN,Easy,1,10
2024FE140,2024,CN,Easy,1,10
2024FE140,2024,CN,Moderate,0,0
2024FE140,2024,Aptitude,Difficult,1,10
2024FE140,2024,Aptitude,Moderate,0,0
2024FE140,2024,Aptitude,Easy,0,0
2024FE141,2024,DSA,Easy,0,0
2024FE141,2024,DSA,Difficult,1,10
2024FE141,2024,DSA,Moderate,0,0
2024FE141,2024,DBMS,Easy,0,0
2024FE141,2024,DBMS,Easy,0,0
2024FE141,2024,DBMS,Easy,1,10
2024FE141,2024,OS,Easy,1,10
2024FE141,2024,OS,Moderate,0,0
2024FE141,2024,OS,Moderate,0,0
2024FE141,2024,CN,Easy,0,0
2024FE141,2024,CN,Moderate,0,0
2024FE141,2024,CN,Difficult,0,0
2024FE141,2024,Aptitude,Easy,1,10
2024FE141,2024,Aptitude,Easy,1,10
2024FE141,2024,Aptitude,Easy,0,0
2024FE142,2024,DSA,Easy,0,0
2024FE142,2024,DSA,Easy,0,0
2024FE142,2024,DSA,Difficult,0,0
2024FE142,2024,DBMS,Easy,0,0
2024FE142,2024,DBMS,Moderate,0,0
2024FE142,2024,DBMS,Moderate,0,0
2024FE142,2024,OS,Moderate,1,10
2024FE142,2024,OS,Moderate,1,10
2024FE142,2024,OS,Easy,0,0
2024FE142,2024,CN,Moderate,1,10
2024FE142,2024,CN,Easy,0,0
2024FE142,2024,CN,Moderate,0,0
2024FE142,2024,Aptitude,Difficult,0,0
2024FE142,2024,Aptitude,Moderate,1,10
2024FE142,2024,Aptitude,Easy,1,10
2024FE143,2024,DSA,Difficult,1,10
2024FE143,2024,DSA,Moderate,1,10
2024FE143,2024,DSA,Difficult,0,0
2024FE143,2024,DBMS,Easy,1,10
2024FE143,2024,DBMS,Moderate,1,10
2024FE143,2024,DBMS,Moderate,1,10
2024FE143,2024,OS,Easy,0,0
2024FE143,2024,OS,Easy,0,0
2024FE143,2024,OS,Easy,1,10
2024FE143,2024,CN,Moderate,1,10
2024FE143,2024,CN,Easy,0,0
2024FE143,2024,CN,Difficult,1,10
2024FE143,2024,Aptitude,Easy,1,10
2024FE143,2024,Aptitude,Difficult,1,10
2024FE143,2024,Aptitude,Easy,0,0
2024FE144,2024,DSA,Difficult,1,10
2024FE144,2024,DSA,Easy,1,10
2024FE144,2024,DSA,Easy,0,0
2024FE144,2024,DBMS,Moderate,0,0
2024FE144,2024,DBMS,Difficult,1,10
2024FE144,2024,DBMS,Easy,1,10
2024FE144,2024,OS,Difficult,1,10
2024FE144,2024,OS,Difficult,1,10
2024FE144,2024,OS,Difficult,1,10
2024FE144,2024,CN,Moderate,1,10
2024FE144,2024,CN,Difficult,1,10
2024FE144,2024,CN,Moderate,0,0
2024FE144,2024,Aptitude,Easy,1,10
2024FE144,2024,Aptitude,Easy,1,10
2024FE144,2024,Aptitude,Difficult,0,0
2024FE145,2024,DSA,Easy,1,10
2024FE145,2024,DSA,Difficult,0,0
2024FE145,2024,DSA,Easy,1,10
2024FE145,2024,DBMS,Easy,0,0
2024FE145,2024,DBMS,Easy,1,10
2024FE145,2024,DBMS,Easy,0,0
2024FE145,2024,OS,Easy,0,0
2024FE145,2024,OS,Easy,1,10
2024FE145,2024,OS,Difficult,1,10
2024FE145,2024,CN,Easy,1,10
2024FE145,2024,CN,Moderate,0,0
2024FE145,2024,CN,Difficult,0,0
2024FE145,2024,Aptitude,Moderate,1,10
2024FE145,2024,Aptitude,Easy,1,10
2024FE145,2024,Aptitude,Difficult,1,10
2024FE146,2024,DSA,Difficult,0,0
2024FE146,2024,DSA,Easy,0,0
2024FE146,2024,DSA,Difficult,0,0
2024FE146,2024,DBMS,Difficult,1,10
2024FE146,2024,DBMS,Easy,0,0
2024FE146,2024,DBMS,Easy,0,0
2024FE146,2024,OS,Moderate,0,0
2024FE146,2024,OS,Moderate,1,10
2024FE146,2024,OS,Easy,1,10
2024FE146,2024,CN,Moderate,0,0
2024FE146,2024,CN,Easy,0,0
2024FE146,2024,CN,Moderate,0,0
2024FE146,2024,Aptitude,Difficult,0,0
2024FE146,2024,Aptitude,Difficult,0,0
2024FE146,2024,Aptitude,Easy,0,0
2024FE147,2024,DSA,Moderate,1,10
2024FE147,2024,DSA,Difficult,1,10
2024FE147,2024,DSA,Difficult,0,0
2024FE147,2024,DBMS,Easy,0,0
2024FE147,2024,DBMS,Difficult,0,0
2024FE147,2024,DBMS,Easy,1,10
2024FE147,2024,OS,Easy,0,0
2024FE147,2024,OS,Moderate,0,0
2024FE147,2024,OS,Moderate,1,10
2024FE147,2024,CN,Easy,0,0
2024FE147,2024,CN,Easy,0,0
2024FE147,2024,CN,Moderate,0,0
2024FE147,2024,Aptitude,Difficult,1,10
2024FE147,2024,Aptitude,Easy,1,10
2024FE147,2024,Aptitude,Moderate,1,10
2024FE148,2024,DSA,Easy,1,10
2024FE148,2024,DSA,Easy,1,10
2024FE148,2024,DSA,Difficult,1,10
2024FE148,2024,DBMS,Moderate,1,10
2024FE148,2024,DBMS,Difficult,1,10
2024FE148,2024,DBMS,Difficult,0,0
2024FE148,2024,OS,Easy,0,0
2024FE148,2024,OS,Easy,1,10
2024FE148,2024,OS,Easy,1,10
2024FE148,2024,CN,Easy,1,10
2024FE148,2024,CN,Difficult,0,0
2024FE148,2024,CN,Moderate,1,10
2024FE148,2024,Aptitude,Difficult,1,10
2024FE148,2024,Aptitude,Difficult,0,0
2024FE148,2024,Aptitude,Easy,0,0
2024FE149,2024,DSA,Difficult,1,10
2024FE149,2024,DSA,Moderate,0,0
2024FE149,2024,DSA,Easy,0,0
2024FE149,2024,DBMS,Easy,1,10
2024FE149,2024,DBMS,Easy,0,0
2024FE149,2024,DBMS,Moderate,0,0
2024FE149,2024,OS,Easy,0,0
2024FE149,2024,OS,Difficult,0,0
2024FE149,2024,OS,Easy,1,10
2024FE149,2024,CN,Easy,0,0
2024FE149,2024,CN,Difficult,1,10
2024FE149,2024,CN,Difficult,1,10
2024FE149,2024,Aptitude,Easy,0,0
2024FE149,2024,Aptitude,Easy,1,10
2024FE149,2024,Aptitude,Difficult,1,10
2024FE150,2024,DSA,Difficult,1,10
2024FE150,2024,DSA,Easy,1,10
2024FE150,2024,DSA,Easy,0,0
2024FE150,2024,DBMS,Easy,0,0
2024FE150,2024,DBMS,Difficult,0,0
2024FE150,2024,DBMS,Difficult,1,10
2024FE150,2024,OS,Moderate,0,0
2024FE150,2024,OS,Difficult,1,10
2024FE150,2024,OS,Difficult,0,0
2024FE150,2024,CN,Moderate,0,0
2024FE150,2024,CN,Difficult,1,10
2024FE150,2024,CN,Easy,1,10
2024FE150,2024,Aptitude,Easy,1,10
2024FE150,2024,Aptitude,Moderate,1,10
2024FE150,2024,Aptitude,Easy,0,0
2025FE101,2025,DSA,Moderate,1,10
2025FE101,2025,DSA,Difficult,0,0
2025FE101,2025,DSA,Difficult,1,10
2025FE101,2025,DBMS,Moderate,0,0
2025FE101,2025,DBMS,Moderate,1,10
2025FE101,2025,DBMS,Easy,0,0
2025FE101,2025,OS,Easy,0,0
2025FE101,2025,OS,Moderate,0,0
2025FE101,2025,OS,Moderate,1,10
2025FE101,2025,CN,Difficult,1,10
2025FE101,2025,CN,Moderate,0,0
2025FE101,2025,CN,Moderate,0,0
2025FE101,2025,Aptitude,Easy,1,10
2025FE101,2025,Aptitude,Difficult,1,10
2025FE101,2025,Aptitude,Moderate,1,10
2025FE102,2025,DSA,Moderate,0,0
2025FE102,2025,DSA,Easy,0,0
2025FE102,2025,DSA,Moderate,0,0
2025FE102,2025,DBMS,Difficult,1,10
2025FE102,2025,DBMS,Moderate,1,10
2025FE102,2025,DBMS,Moderate,1,10
2025FE102,2025,OS,Easy,1,10
2025FE102,2025,OS,Easy,0,0
2025FE102,2025,OS,Difficult,1,10
2025FE102,2025,CN,Easy,0,0
2025FE102,2025,CN,Easy,0,0
2025FE102,2025,CN,Moderate,0,0
2025FE102,2025,Aptitude,Easy,1,10
2025FE102,2025,Aptitude,Moderate,0,0
2025FE102,2025,Aptitude,Moderate,0,0
2025FE103,2025,DSA,Easy,1,10
2025FE103,2025,DSA,Easy,1,10
2025FE103,2025,DSA,Moderate,1,10
2025FE103,2025,DBMS,Moderate,1,10
2025FE103,2025,DBMS,Difficult,1,10
2025FE103,2025,DBMS,Easy,0,0
2025FE103,2025,OS,Easy,0,0
2025FE103,2025,OS,Difficult,0,0
2025FE103,2025,OS,Easy,0,0
2025FE103,2025,CN,Easy,1,10
2025FE103,2025,CN,Moderate,0,0
2025FE103,2025,CN,Easy,0,0
2025FE103,2025,Aptitude,Easy,1,10
2025FE103,2025,Aptitude,Easy,0,0
2025FE103,2025,Aptitude,Easy,0,0
2025FE104,2025,DSA,Easy,1,10
2025FE104,2025,DSA,Easy,1,10
2025FE104,2025,DSA,Moderate,0,0
2025FE104,2025,DBMS,Easy,1,10
2025FE104,2025,DBMS,Easy,1,10
2025FE104,2025,DBMS,Difficult,1,10
2025FE104,2025,OS,Difficult,1,10
2025FE104,2025,OS,Easy,0,0
2025FE104,2025,OS,Difficult,0,0
2025FE104,2025,CN,Easy,0,0
2025FE104,2025,CN,Easy,0,0
2025FE104,2025,CN,Moderate,1,10
2025FE104,2025,Aptitude,Difficult,0,0
2025FE104,2025,Aptitude,Easy,0,0
2025FE104,2025,Aptitude,Easy,1,10
2025FE105,2025,DSA,Easy,1,10
2025FE105,2025,DSA,Difficult,1,10
2025FE105,2025,DSA,Difficult,1,10
2025FE105,2025,DBMS,Difficult,1,10
2025FE105,2025,DBMS,Moderate,1,10
2025FE105,2025,DBMS,Easy,0,0
2025FE105,2025,OS,Moderate,1,10
2025FE105,2025,OS,Easy,1,10
2025FE105,2025,OS,Moderate,0,0
2025FE105,2025,CN,Easy,0,0
2025FE105,2025,CN,Difficult,0,0
2025FE105,2025,CN,Difficult,0,0
2025FE105,2025,Aptitude,Difficult,0,0
2025FE105,2025,Aptitude,Difficult,1,10
2025FE105,2025,Aptitude,Moderate,1,10
2025FE106,2025,DSA,Easy,1,10
2025FE106,2025,DSA,Moderate,0,0
2025FE106,2025,DSA,Moderate,1,10
2025FE106,2025,DBMS,Moderate,0,0
2025FE106,2025,DBMS,Moderate,0,0
2025FE106,2025,DBMS,Difficult,1,10
2025FE106,2025,OS,Easy,0,0
2025FE106,2025,OS,Easy,0,0
2025FE106,2025,OS,Difficult,1,10
2025FE106,2025,CN,Difficult,0,0
2025FE106,2025,CN,Easy,0,0
2025FE106,2025,CN,Moderate,0,0
2025FE106,2025,Aptitude,Easy,0,0
2025FE106,2025,Aptitude,Moderate,1,10
2025FE106,2025,Aptitude,Moderate,1,10
2025FE107,2025,DSA,Moderate,1,10
2025FE107,2025,DSA,Moderate,0,0
2025FE107,2025,DSA,Easy,0,0
2025FE107,2025,DBMS,Moderate,1,10
2025FE107,2025,DBMS,Easy,1,10
2025FE107,2025,DBMS,Moderate,0,0
2025FE107,2025,OS,Easy,0,0
2025FE107,2025,OS,Easy,0,0
2025FE107,2025,OS,Moderate,1,10
2025FE107,2025,CN,Difficult,0,0
2025FE107,2025,CN,Moderate,0,0
2025FE107,2025,CN,Moderate,1,10
2025FE107,2025,Aptitude,Difficult,0,0
2025FE107,2025,Aptitude,Easy,1,10
2025FE107,2025,Aptitude,Difficult,0,0
2025FE108,2025,DSA,Difficult,0,0
2025FE108,2025,DSA,Moderate,0,0
2025FE108,2025,DSA,Moderate,1,10
2025FE108,2025,DBMS,Moderate,0,0
2025FE108,2025,DBMS,Difficult,1,10
2025FE108,2025,DBMS,Difficult,0,0
2025FE108,2025,OS,Easy,1,10
2025FE108,2025,OS,Difficult,0,0
2025FE108,2025,OS,Easy,1,10
2025FE108,2025,CN,Easy,1,10
2025FE108,2025,CN,Easy,0,0
2025FE108,2025,CN,Moderate,1,10
2025FE108,2025,Aptitude,Moderate,0,0
2025FE108,2025,Aptitude,Easy,0,0
2025FE108,2025,Aptitude,Easy,1,10
2025FE109,2025,DSA,Difficult,0,0
2025FE109,2025,DSA,Difficult,1,10
2025FE109,2025,DSA,Easy,1,10
2025FE109,2025,DBMS,Moderate,1,10
2025FE109,2025,DBMS,Easy,1,10
2025FE109,2025,DBMS,Easy,0,0
2025FE109,2025,OS,Moderate,0,0
2025FE109,2025,OS,Difficult,0,0
2025FE109,2025,OS,Moderate,0,0
2025FE109,2025,CN,Moderate,1,10
2025FE109,2025,CN,Easy,1,10
2025FE109,2025,CN,Moderate,0,0
2025FE109,2025,Aptitude,Easy,1,10
2025FE109,2025,Aptitude,Difficult,1,10
2025FE109,2025,Aptitude,Difficult,1,10
2025FE110,2025,DSA,Easy,1,10
2025FE110,2025,DSA,Easy,1,10
2025FE110,2025,DSA,Difficult,1,10
2025FE110,2025,DBMS,Moderate,1,10
2025FE110,2025,DBMS,Easy,1,10
2025FE110,2025,DBMS,Easy,1,10
2025FE110,2025,OS,Easy,1,10
2025FE110,2025,OS,Difficult,0,0
2025FE110,2025,OS,Difficult,0,0
2025FE110,2025,CN,Difficult,1,10
2025FE110,2025,CN,Difficult,1,10
2025FE110,2025,CN,Difficult,0,0
2025FE110,2025,Aptitude,Moderate,1,10
2025FE110,2025,Aptitude,Difficult,0,0
2025FE110,2025,Aptitude,Easy,0,0
2025FE111,2025,DSA,Difficult,1,10
2025FE111,2025,DSA,Easy,1,10
2025FE111,2025,DSA,Moderate,1,10
2025FE111,2025,DBMS,Easy,0,0
2025FE111,2025,DBMS,Easy,1,10
2025FE111,2025,DBMS,Difficult,1,10
2025FE111,2025,OS,Moderate,1,10
2025FE111,2025,OS,Easy,0,0
2025FE111,2025,OS,Difficult,0,0
2025FE111,2025,CN,Difficult,0,0
2025FE111,2025,CN,Moderate,0,0
2025FE111,2025,CN,Easy,1,10
2025FE111,2025,Aptitude,Easy,0,0
2025FE111,2025,Aptitude,Moderate,1,10
2025FE111,2025,Aptitude,Easy,0,0
2025FE112,2025,DSA,Easy,1,10
2025FE112,2025,DSA,Difficult,1,10
2025FE112,2025,DSA,Difficult,0,0
2025FE112,2025,DBMS,Moderate,1,10
2025FE112,2025,DBMS,Difficult,0,0
2025FE112,2025,DBMS,Difficult,0,0
2025FE112,2025,OS,Moderate,0,0
2025FE112,2025,OS,Moderate,1,10
2025FE112,2025,OS,Moderate,1,10
2025FE112,2025,CN,Difficult,0,0
2025FE112,2025,CN,Easy,1,10
2025FE112,2025,CN,Difficult,1,10
2025FE112,2025,Aptitude,Moderate,0,0
2025FE112,2025,Aptitude,Moderate,1,10
2025FE112,2025,Aptitude,Difficult,1,10
2025FE113,2025,DSA,Difficult,1,10
2025FE113,2025,DSA,Difficult,1,10
2025FE113,2025,DSA,Moderate,0,0
2025FE113,2025,DBMS,Easy,0,0
2025FE113,2025,DBMS,Easy,1,10
2025FE113,2025,DBMS,Difficult,0,0
2025FE113,2025,OS,Easy,1,10
2025FE113,2025,OS,Difficult,1,10
2025FE113,2025,OS,Easy,1,10
2025FE113,2025,CN,Moderate,0,0
2025FE113,2025,CN,Easy,1,10
2025FE113,2025,CN,Easy,0,0
2025FE113,2025,Aptitude,Difficult,0,0
2025FE113,2025,Aptitude,Easy,1,10
2025FE113,2025,Aptitude,Difficult,1,10
2025FE114,2025,DSA,Difficult,0,0
2025FE114,2025,DSA,Moderate,1,10
2025FE114,2025,DSA,Easy,1,10
2025FE114,2025,DBMS,Moderate,0,0
2025FE114,2025,DBMS,Easy,1,10
2025FE114,2025,DBMS,Easy,1,10
2025FE114,2025,OS,Easy,0,0
2025FE114,2025,OS,Moderate,1,10
2025FE114,2025,OS,Moderate,0,0
2025FE114,2025,CN,Moderate,0,0
2025FE114,2025,CN,Moderate,0,0
2025FE114,2025,CN,Moderate,1,10
2025FE114,2025,Aptitude,Moderate,1,10
2025FE114,2025,Aptitude,Moderate,1,10
2025FE114,2025,Aptitude,Moderate,0,0
2025FE115,2025,DSA,Difficult,1,10
2025FE115,2025,DSA,Difficult,0,0
2025FE115,2025,DSA,Easy,1,10
2025FE115,2025,DBMS,Easy,0,0
2025FE115,2025,DBMS,Difficult,1,10
2025FE115,2025,DBMS,Easy,0,0
2025FE115,2025,OS,Easy,0,0
2025FE115,2025,OS,Moderate,1,10
2025FE115,2025,OS,Easy,0,0
2025FE115,2025,CN,Easy,1,10
2025FE115,2025,CN,Moderate,0,0
2025FE115,2025,CN,Easy,0,0
2025FE115,2025,Aptitude,Easy,1,10
2025FE115,2025,Aptitude,Easy,0,0
2025FE115,2025,Aptitude,Difficult,1,10
2025FE116,2025,DSA,Difficult,0,0
2025FE116,2025,DSA,Easy,1,10
2025FE116,2025,DSA,Easy,0,0
2025FE116,2025,DBMS,Difficult,0,0
2025FE116,2025,DBMS,Easy,0,0
2025FE116,2025,DBMS,Moderate,0,0
2025FE116,2025,OS,Difficult,0,0
2025FE116,2025,OS,Easy,1,10
2025FE116,2025,OS,Moderate,1,10
2025FE116,2025,CN,Easy,0,0
2025FE116,2025,CN,Moderate,0,0
2025FE116,2025,CN,Moderate,1,10
2025FE116,2025,Aptitude,Difficult,0,0
2025FE116,2025,Aptitude,Moderate,0,0
2025FE116,2025,Aptitude,Moderate,0,0
2025FE117,2025,DSA,Moderate,1,10
2025FE117,2025,DSA,Moderate,1,10
2025FE117,2025,DSA,Easy,0,0
2025FE117,2025,DBMS,Difficult,0,0
2025FE117,2025,DBMS,Difficult,0,0
2025FE117,2025,DBMS,Easy,1,10
2025FE117,2025,OS,Moderate,0,0
2025FE117,2025,OS,Difficult,1,10
2025FE117,2025,OS,Difficult,1,10
2025FE117,2025,CN,Moderate,0,0
2025FE117,2025,CN,Easy,0,0
2025FE117,2025,CN,Moderate,0,0
2025FE117,2025,Aptitude,Easy,1,10
2025FE117,2025,Aptitude,Moderate,1,10
2025FE117,2025,Aptitude,Moderate,0,0
2025FE118,2025,DSA,Easy,0,0
2025FE118,2025,DSA,Difficult,1,10
2025FE118,2025,DSA,Difficult,1,10
2025FE118,2025,DBMS,Moderate,0,0
2025FE118,2025,DBMS,Easy,0,0
2025FE118,2025,DBMS,Difficult,0,0
2025FE118,2025,OS,Easy,0,0
2025FE118,2025,OS,Difficult,0,0
2025FE118,2025,OS,Difficult,0,0
2025FE118,2025,CN,Difficult,1,10
2025FE118,2025,CN,Moderate,0,0
2025FE118,2025,CN,Easy,0,0
2025FE118,2025,Aptitude,Moderate,0,0
2025FE118,2025,Aptitude,Difficult,1,10
2025FE118,2025,Aptitude,Moderate,0,0
2025FE119,2025,DSA,Easy,0,0
2025FE119,2025,DSA,Difficult,1,10
2025FE119,2025,DSA,Moderate,0,0
2025FE119,2025,DBMS,Moderate,0,0
2025FE119,2025,DBMS,Difficult,0,0
2025FE119,2025,DBMS,Difficult,1,10
2025FE119,2025,OS,Easy,1,10
2025FE119,2025,OS,Difficult,1,10
2025FE119,2025,OS,Moderate,1,10
2025FE119,2025,CN,Moderate,1,10
2025FE119,2025,CN,Easy,0,0
2025FE119,2025,CN,Difficult,1,10
2025FE119,2025,Aptitude,Difficult,0,0
2025FE119,2025,Aptitude,Difficult,0,0
2025FE119,2025,Aptitude,Easy,1,10
2025FE120,2025,DSA,Easy,0,0
2025FE120,2025,DSA,Difficult,0,0
2025FE120,2025,DSA,Difficult,0,0
2025FE120,2025,DBMS,Moderate,1,10
2025FE120,2025,DBMS,Moderate,0,0
2025FE120,2025,DBMS,Difficult,0,0
2025FE120,2025,OS,Difficult,0,0
2025FE120,2025,OS,Difficult,1,10
2025FE120,2025,OS,Moderate,1,10
2025FE120,2025,CN,Easy,0,0
2025FE120,2025,CN,Easy,0,0
2025FE120,2025,CN,Moderate,0,0
2025FE120,2025,Aptitude,Easy,1,10
2025FE120,2025,Aptitude,Difficult,1,10
2025FE120,2025,Aptitude,Moderate,1,10
2025FE121,2025,DSA,Difficult,0,0
2025FE121,2025,DSA,Difficult,1,10
2025FE121,2025,DSA,Easy,1,10
2025FE121,2025,DBMS,Easy,1,10
2025FE121,2025,DBMS,Moderate,0,0
2025FE121,2025,DBMS,Difficult,1,10
2025FE121,2025,OS,Moderate,0,0
2025FE121,2025,OS,Difficult,0,0
2025FE121,2025,OS,Easy,1,10
2025FE121,2025,CN,Difficult,0,0
2025FE121,2025,CN,Moderate,0,0
2025FE121,2025,CN,Easy,0,0
2025FE121,2025,Aptitude,Easy,1,10
2025FE121,2025,Aptitude,Difficult,1,10
2025FE121,2025,Aptitude,Difficult,0,0
2025FE122,2025,DSA,Easy,1,10
2025FE122,2025,DSA,Easy,0,0
2025FE122,2025,DSA,Difficult,0,0
2025FE122,2025,DBMS,Difficult,0,0
2025FE122,2025,DBMS,Easy,1,10
2025FE122,2025,DBMS,Difficult,0,0
2025FE122,2025,OS,Moderate,1,10
2025FE122,2025,OS,Moderate,0,0
2025FE122,2025,OS,Moderate,0,0
2025FE122,2025,CN,Difficult,0,0
2025FE122,2025,CN,Difficult,0,0
2025FE122,2025,CN,Difficult,0,0
2025FE122,2025,Aptitude,Easy,1,10
2025FE122,2025,Aptitude,Moderate,1,10
2025FE122,2025,Aptitude,Moderate,1,10
2025FE123,2025,DSA,Easy,0,0
2025FE123,2025,DSA,Moderate,1,10
2025FE123,2025,DSA,Easy,0,0
2025FE123,2025,DBMS,Moderate,1,10
2025FE123,2025,DBMS,Difficult,1,10
2025FE123,2025,DBMS,Easy,1,10
2025FE123,2025,OS,Difficult,1,10
2025FE123,2025,OS,Difficult,0,0
2025FE123,2025,OS,Moderate,1,10
2025FE123,2025,CN,Difficult,1,10
2025FE123,2025,CN,Easy,1,10
2025FE123,2025,CN,Easy,0,0
2025FE123,2025,Aptitude,Moderate,1,10
2025FE123,2025,Aptitude,Easy,1,10
2025FE123,2025,Aptitude,Moderate,1,10
2025FE124,2025,DSA,Moderate,0,0
2025FE124,2025,DSA,Easy,0,0
2025FE124,2025,DSA,Difficult,0,0
2025FE124,2025,DBMS,Easy,0,0
2025FE124,2025,DBMS,Moderate,0,0
2025FE124,2025,DBMS,Moderate,0,0
2025FE124,2025,OS,Difficult,0,0
2025FE124,2025,OS,Difficult,1,10
2025FE124,2025,OS,Difficult,1,10
2025FE124,2025,CN,Difficult,1,10
2025FE124,2025,CN,Moderate,1,10
2025FE124,2025,CN,Moderate,1,10
2025FE124,2025,Aptitude,Moderate,1,10
2025FE124,2025,Aptitude,Easy,0,0
2025FE124,2025,Aptitude,Difficult,1,10
2025FE125,2025,DSA,Moderate,0,0
2025FE125,2025,DSA,Moderate,1,10
2025FE125,2025,DSA,Moderate,0,0
2025FE125,2025,DBMS,Difficult,0,0
2025FE125,2025,DBMS,Difficult,1,10
2025FE125,2025,DBMS,Moderate,0,0
2025FE125,2025,OS,Easy,0,0
2025FE125,2025,OS,Difficult,1,10
2025FE125,2025,OS,Easy,0,0
2025FE125,2025,CN,Easy,0,0
2025FE125,2025,CN,Difficult,0,0
2025FE125,2025,CN,Moderate,0,0
2025FE125,2025,Aptitude,Easy,0,0
2025FE125,2025,Aptitude,Easy,1,10
2025FE125,2025,Aptitude,Easy,1,10
2025FE126,2025,DSA,Easy,1,10
2025FE126,2025,DSA,Easy,0,0
2025FE126,2025,DSA,Difficult,1,10
2025FE126,2025,DBMS,Moderate,1,10
2025FE126,2025,DBMS,Difficult,0,0
2025FE126,2025,DBMS,Difficult,1,10
2025FE126,2025,OS,Moderate,0,0
2025FE126,2025,OS,Difficult,1,10
2025FE126,2025,OS,Moderate,1,10
2025FE126,2025,CN,Easy,1,10
2025FE126,2025,CN,Easy,1,10
2025FE126,2025,CN,Moderate,1,10
2025FE126,2025,Aptitude,Moderate,0,0
2025FE126,2025,Aptitude,Easy,1,10
2025FE126,2025,Aptitude,Difficult,0,0
2025FE127,2025,DSA,Moderate,1,10
2025FE127,2025,DSA,Easy,1,10
2025FE127,2025,DSA,Easy,0,0
2025FE127,2025,DBMS,Easy,0,0
2025FE127,2025,DBMS,Moderate,0,0
2025FE127,2025,DBMS,Moderate,1,10
2025FE127,2025,OS,Difficult,1,10
2025FE127,2025,OS,Difficult,1,10
2025FE127,2025,OS,Easy,0,0
2025FE127,2025,CN,Easy,0,0
2025FE127,2025,CN,Difficult,1,10
2025FE127,2025,CN,Easy,0,0
2025FE127,2025,Aptitude,Difficult,1,10
2025FE127,2025,Aptitude,Easy,0,0
2025FE127,2025,Aptitude,Moderate,0,0
2025FE128,2025,DSA,Easy,0,0
2025FE128,2025,DSA,Difficult,0,0
2025FE128,2025,DSA,Moderate,0,0
2025FE128,2025,DBMS,Moderate,1,10
2025FE128,2025,DBMS,Moderate,0,0
2025FE128,2025,DBMS,Difficult,1,10
2025FE128,2025,OS,Moderate,0,0
2025FE128,2025,OS,Easy,1,10
2025FE128,2025,OS,Moderate,0,0
2025FE128,2025,CN,Easy,0,0
2025FE128,2025,CN,Easy,1,10
2025FE128,2025,CN,Difficult,0,0
2025FE128,2025,Aptitude,Moderate,0,0
2025FE128,2025,Aptitude,Difficult,1,10
2025FE128,2025,Aptitude,Easy,1,10
2025FE129,2025,DSA,Difficult,0,0
2025FE129,2025,DSA,Difficult,0,0
2025FE129,2025,DSA,Easy,1,10
2025FE129,2025,DBMS,Moderate,0,0
2025FE129,2025,DBMS,Moderate,1,10
2025FE129,2025,DBMS,Difficult,1,10
2025FE129,2025,OS,Easy,1,10
2025FE129,2025,OS,Difficult,1,10
2025FE129,2025,OS,Easy,0,0
2025FE129,2025,CN,Difficult,1,10
2025FE129,2025,CN,Difficult,0,0
2025FE129,2025,CN,Difficult,0,0
2025FE129,2025,Aptitude,Easy,0,0
2025FE129,2025,Aptitude,Difficult,0,0
2025FE129,2025,Aptitude,Moderate,1,10
2025FE130,2025,DSA,Moderate,0,0
2025FE130,2025,DSA,Difficult,1,10
2025FE130,2025,DSA,Moderate,0,0
2025FE130,2025,DBMS,Difficult,0,0
2025FE130,2025,DBMS,Easy,1,10
2025FE130,2025,DBMS,Difficult,1,10
2025FE130,2025,OS,Difficult,0,0
2025FE130,2025,OS,Easy,0,0
2025FE130,2025,OS,Difficult,0,0
2025FE130,2025,CN,Moderate,0,0
2025FE130,2025,CN,Moderate,1,10
2025FE130,2025,CN,Difficult,1,10
2025FE130,2025,Aptitude,Moderate,0,0
2025FE130,2025,Aptitude,Difficult,0,0
2025FE130,2025,Aptitude,Difficult,0,0
2025FE131,2025,DSA,Difficult,1,10
2025FE131,2025,DSA,Difficult,0,0
2025FE131,2025,DSA,Difficult,1,10
2025FE131,2025,DBMS,Easy,1,10
2025FE131,2025,DBMS,Difficult,0,0
2025FE131,2025,DBMS,Easy,1,10
2025FE131,2025,OS,Difficult,0,0
2025FE131,2025,OS,Easy,1,10
2025FE131,2025,OS,Easy,1,10
2025FE131,2025,CN,Moderate,0,0
2025FE131,2025,CN,Moderate,0,0
2025FE131,2025,CN,Difficult,0,0
2025FE131,2025,Aptitude,Moderate,0,0
2025FE131,2025,Aptitude,Difficult,1,10
2025FE131,2025,Aptitude,Moderate,1,10
2025FE132,2025,DSA,Easy,1,10
2025FE132,2025,DSA,Moderate,1,10
2025FE132,2025,DSA,Moderate,0,0
2025FE132,2025,DBMS,Difficult,0,0
2025FE132,2025,DBMS,Moderate,1,10
2025FE132,2025,DBMS,Difficult,0,0
2025FE132,2025,OS,Moderate,1,10
2025FE132,2025,OS,Difficult,1,10
2025FE132,2025,OS,Difficult,0,0
2025FE132,2025,CN,Difficult,0,0
2025FE132,2025,CN,Moderate,0,0
2025FE132,2025,CN,Difficult,1,10
2025FE132,2025,Aptitude,Difficult,1,10
2025FE132,2025,Aptitude,Difficult,0,0
2025FE132,2025,Aptitude,Moderate,0,0
2025FE133,2025,DSA,Difficult,0,0
2025FE133,2025,DSA,Moderate,1,10
2025FE133,2025,DSA,Moderate,1,10
2025FE133,2025,DBMS,Moderate,1,10
2025FE133,2025,DBMS,Easy,0,0
2025FE133,2025,DBMS,Moderate,0,0
2025FE133,2025,OS,Easy,1,10
2025FE133,2025,OS,Easy,0,0
2025FE133,2025,OS,Difficult,0,0
2025FE133,2025,CN,Easy,0,0
2025FE133,2025,CN,Moderate,1,10
2025FE133,2025,CN,Difficult,1,10
2025FE133,2025,Aptitude,Easy,1,10
2025FE133,2025,Aptitude,Moderate,0,0
2025FE133,2025,Aptitude,Easy,1,10
2025FE134,2025,DSA,Difficult,0,0
2025FE134,2025,DSA,Easy,0,0
2025FE134,2025,DSA,Moderate,0,0
2025FE134,2025,DBMS,Easy,0,0
2025FE134,2025,DBMS,Easy,1,10
2025FE134,2025,DBMS,Difficult,0,0
2025FE134,2025,OS,Easy,0,0
2025FE134,2025,OS,Difficult,0,0
2025FE134,2025,OS,Difficult,1,10
2025FE134,2025,CN,Difficult,1,10
2025FE134,2025,CN,Moderate,0,0
2025FE134,2025,CN,Moderate,0,0
2025FE134,2025,Aptitude,Moderate,1,10
2025FE134,2025,Aptitude,Moderate,1,10
2025FE134,2025,Aptitude,Difficult,1,10
2025FE135,2025,DSA,Difficult,0,0
2025FE135,2025,DSA,Easy,0,0
2025FE135,2025,DSA,Difficult,1,10
2025FE135,2025,DBMS,Difficult,0,0
2025FE135,2025,DBMS,Easy,0,0
2025FE135,2025,DBMS,Moderate,1,10
2025FE135,2025,OS,Difficult,1,10
2025FE135,2025,OS,Difficult,0,0
2025FE135,2025,OS,Moderate,0,0
2025FE135,2025,CN,Difficult,0,0
2025FE135,2025,CN,Easy,0,0
2025FE135,2025,CN,Moderate,1,10
2025FE135,2025,Aptitude,Moderate,1,10
2025FE135,2025,Aptitude,Difficult,0,0
2025FE135,2025,Aptitude,Easy,0,0
2025FE136,2025,DSA,Moderate,0,0
2025FE136,2025,DSA,Moderate,1,10
2025FE136,2025,DSA,Easy,1,10
2025FE136,2025,DBMS,Moderate,0,0
2025FE136,2025,DBMS,Moderate,0,0
2025FE136,2025,DBMS,Easy,0,0
2025FE136,2025,OS,Moderate,1,10
2025FE136,2025,OS,Easy,0,0
2025FE136,2025,OS,Moderate,1,10
2025FE136,2025,CN,Moderate,1,10
2025FE136,2025,CN,Easy,1,10
2025FE136,2025,CN,Difficult,0,0
2025FE136,2025,Aptitude,Difficult,0,0
2025FE136,2025,Aptitude,Moderate,0,0
2025FE136,2025,Aptitude,Moderate,0,0
2025FE137,2025,DSA,Easy,0,0
2025FE137,2025,DSA,Difficult,0,0
2025FE137,2025,DSA,Moderate,0,0
2025FE137,2025,DBMS,Easy,0,0
2025FE137,2025,DBMS,Easy,0,0
2025FE137,2025,DBMS,Easy,1,10
2025FE137,2025,OS,Easy,1,10
2025FE137,2025,OS,Easy,1,10
2025FE137,2025,OS,Difficult,1,10
2025FE137,2025,CN,Moderate,1,10
2025FE137,2025,CN,Moderate,0,0
2025FE137,2025,CN,Easy,0,0
2025FE137,2025,Aptitude,Moderate,0,0
2025FE137,2025,Aptitude,Moderate,1,10
2025FE137,2025,Aptitude,Moderate,1,10
2025FE138,2025,DSA,Difficult,1,10
2025FE138,2025,DSA,Moderate,0,0
2025FE138,2025,DSA,Difficult,1,10
2025FE138,2025,DBMS,Difficult,0,0
2025FE138,2025,DBMS,Easy,1,10
2025FE138,2025,DBMS,Difficult,0,0
2025FE138,2025,OS,Difficult,0,0
2025FE138,2025,OS,Difficult,1,10
2025FE138,2025,OS,Easy,0,0
2025FE138,2025,CN,Easy,0,0
2025FE138,2025,CN,Easy,1,10
2025FE138,2025,CN,Difficult,1,10
2025FE138,2025,Aptitude,Difficult,1,10
2025FE138,2025,Aptitude,Moderate,0,0
2025FE138,2025,Aptitude,Moderate,1,10
2025FE139,2025,DSA,Easy,0,0
2025FE139,2025,DSA,Easy,0,0
2025FE139,2025,DSA,Difficult,1,10
2025FE139,2025,DBMS,Easy,1,10
2025FE139,2025,DBMS,Moderate,0,0
2025FE139,2025,DBMS,Moderate,1,10
2025FE139,2025,OS,Easy,1,10
2025FE139,2025,OS,Difficult,1,10
2025FE139,2025,OS,Easy,0,0
2025FE139,2025,CN,Easy,1,10
2025FE139,2025,CN,Difficult,0,0
2025FE139,2025,CN,Moderate,1,10
2025FE139,2025,Aptitude,Moderate,1,10
2025FE139,2025,Aptitude,Moderate,1,10
2025FE139,2025,Aptitude,Easy,1,10
2025FE140,2025,DSA,Easy,0,0
2025FE140,2025,DSA,Difficult,1,10
2025FE140,2025,DSA,Easy,0,0
2025FE140,2025,DBMS,Moderate,0,0
2025FE140,2025,DBMS,Difficult,0,0
2025FE140,2025,DBMS,Easy,1,10
2025FE140,2025,OS,Easy,0,0
2025FE140,2025,OS,Difficult,1,10
2025FE140,2025,OS,Moderate,1,10
2025FE140,2025,CN,Easy,1,10
2025FE140,2025,CN,Easy,0,0
2025FE140,2025,CN,Difficult,1,10
2025FE140,2025,Aptitude,Easy,1,10
2025FE140,2025,Aptitude,Easy,1,10
2025FE140,2025,Aptitude,Difficult,1,10
2025FE141,2025,DSA,Difficult,1,10
2025FE141,2025,DSA,Difficult,0,0
2025FE141,2025,DSA,Moderate,0,0
2025FE141,2025,DBMS,Moderate,0,0
2025FE141,2025,DBMS,Easy,1,10
2025FE141,2025,DBMS,Moderate,1,10
2025FE141,2025,OS,Easy,0,0
2025FE141,2025,OS,Moderate,0,0
2025FE141,2025,OS,Difficult,1,10
2025FE141,2025,CN,Difficult,1,10
2025FE141,2025,CN,Easy,0,0
2025FE141,2025,CN,Difficult,0,0
2025FE141,2025,Aptitude,Difficult,1,10
2025FE141,2025,Aptitude,Easy,1,10
2025FE141,2025,Aptitude,Difficult,1,10
2025FE142,2025,DSA,Moderate,1,10
2025FE142,2025,DSA,Easy,1,10
2025FE142,2025,DSA,Easy,1,10
2025FE142,2025,DBMS,Moderate,1,10
2025FE142,2025,DBMS,Difficult,0,0
2025FE142,2025,DBMS,Easy,0,0
2025FE142,2025,OS,Moderate,0,0
2025FE142,2025,OS,Difficult,0,0
2025FE142,2025,OS,Difficult,0,0
2025FE142,2025,CN,Easy,0,0
2025FE142,2025,CN,Moderate,1,10
2025FE142,2025,CN,Difficult,1,10
2025FE142,2025,Aptitude,Moderate,0,0
2025FE142,2025,Aptitude,Moderate,0,0
2025FE142,2025,Aptitude,Moderate,1,10
2025FE143,2025,DSA,Easy,0,0
2025FE143,2025,DSA,Difficult,1,10
2025FE143,2025,DSA,Moderate,0,0
2025FE143,2025,DBMS,Difficult,1,10
2025FE143,2025,DBMS,Easy,0,0
2025FE143,2025,DBMS,Moderate,1,10
2025FE143,2025,OS,Moderate,0,0
2025FE143,2025,OS,Moderate,0,0
2025FE143,2025,OS,Easy,1,10
2025FE143,2025,CN,Easy,0,0
2025FE143,2025,CN,Difficult,1,10
2025FE143,2025,CN,Easy,1,10
2025FE143,2025,Aptitude,Moderate,0,0
2025FE143,2025,Aptitude,Difficult,0,0
2025FE143,2025,Aptitude,Difficult,0,0
2025FE144,2025,DSA,Easy,1,10
2025FE144,2025,DSA,Difficult,0,0
2025FE144,2025,DSA,Easy,0,0
2025FE144,2025,DBMS,Moderate,1,10
2025FE144,2025,DBMS,Difficult,1,10
2025FE144,2025,DBMS,Difficult,0,0
2025FE144,2025,OS,Easy,0,0
2025FE144,2025,OS,Easy,1,10
2025FE144,2025,OS,Moderate,0,0
2025FE144,2025,CN,Easy,1,10
2025FE144,2025,CN,Difficult,0,0
2025FE144,2025,CN,Difficult,0,0
2025FE144,2025,Aptitude,Easy,1,10
2025FE144,2025,Aptitude,Difficult,1,10
2025FE144,2025,Aptitude,Difficult,1,10
2025FE145,2025,DSA,Difficult,1,10
2025FE145,2025,DSA,Difficult,0,0
2025FE145,2025,DSA,Moderate,0,0
2025FE145,2025,DBMS,Moderate,0,0
2025FE145,2025,DBMS,Difficult,1,10
2025FE145,2025,DBMS,Easy,0,0
2025FE145,2025,OS,Difficult,0,0
2025FE145,2025,OS,Difficult,0,0
2025FE145,2025,OS,Moderate,0,0
2025FE145,2025,CN,Easy,1,10
2025FE145,2025,CN,Easy,0,0
2025FE145,2025,CN,Easy,1,10
2025FE145,2025,Aptitude,Difficult,1,10
2025FE145,2025,Aptitude,Moderate,1,10
2025FE145,2025,Aptitude,Difficult,1,10
2025FE146,2025,DSA,Difficult,0,0
2025FE146,2025,DSA,Difficult,1,10
2025FE146,2025,DSA,Difficult,1,10
2025FE146,2025,DBMS,Easy,1,10
2025FE146,2025,DBMS,Difficult,1,10
2025FE146,2025,DBMS,Difficult,1,10
2025FE146,2025,OS,Moderate,1,10
2025FE146,2025,OS,Easy,0,0
2025FE146,2025,OS,Difficult,0,0
2025FE146,2025,CN,Moderate,1,10
2025FE146,2025,CN,Easy,0,0
2025FE146,2025,CN,Moderate,0,0
2025FE146,2025,Aptitude,Moderate,1,10
2025FE146,2025,Aptitude,Easy,0,0
2025FE146,2025,Aptitude,Easy,1,10
2025FE147,2025,DSA,Difficult,0,0
2025FE147,2025,DSA,Difficult,0,0
2025FE147,2025,DSA,Moderate,1,10
2025FE147,2025,DBMS,Easy,1,10
2025FE147,2025,DBMS,Difficult,0,0
2025FE147,2025,DBMS,Moderate,1,10
2025FE147,2025,OS,Moderate,1,10
2025FE147,2025,OS,Moderate,1,10
2025FE147,2025,OS,Moderate,1,10
2025FE147,2025,CN,Easy,0,0
2025FE147,2025,CN,Moderate,1,10
2025FE147,2025,CN,Moderate,0,0
2025FE147,2025,Aptitude,Easy,1,10
2025FE147,2025,Aptitude,Difficult,0,0
2025FE147,2025,Aptitude,Easy,1,10
2025FE148,2025,DSA,Difficult,1,10
2025FE148,2025,DSA,Easy,0,0
2025FE148,2025,DSA,Moderate,1,10
2025FE148,2025,DBMS,Moderate,0,0
2025FE148,2025,DBMS,Moderate,0,0
2025FE148,2025,DBMS,Moderate,1,10
2025FE148,2025,OS,Easy,1,10
2025FE148,2025,OS,Moderate,1,10
2025FE148,2025,OS,Moderate,1,10
2025FE148,2025,CN,Easy,1,10
2025FE148,2025,CN,Difficult,0,0
2025FE148,2025,CN,Easy,1,10
2025FE148,2025,Aptitude,Moderate,1,10
2025FE148,2025,Aptitude,Difficult,0,0
2025FE148,2025,Aptitude,Moderate,1,10
2025FE149,2025,DSA,Difficult,0,0
2025FE149,2025,DSA,Moderate,0,0
2025FE149,2025,DSA,Moderate,1,10
2025FE149,2025,DBMS,Moderate,1,10
2025FE149,2025,DBMS,Moderate,0,0
2025FE149,2025,DBMS,Moderate,0,0
2025FE149,2025,OS,Moderate,1,10
2025FE149,2025,OS,Easy,0,0
2025FE149,2025,OS,Difficult,0,0
2025FE149,2025,CN,Difficult,1,10
2025FE149,2025,CN,Difficult,1,10
2025FE149,2025,CN,Difficult,1,10
2025FE149,2025,Aptitude,Difficult,1,10
2025FE149,2025,Aptitude,Difficult,0,0
2025FE149,2025,Aptitude,Moderate,1,10
2025FE150,2025,DSA,Moderate,1,10
2025FE150,2025,DSA,Easy,0,0
2025FE150,2025,DSA,Difficult,1,10
2025FE150,2025,DBMS,Difficult,1,10
2025FE150,2025,DBMS,Easy,1,10
2025FE150,2025,DBMS,Difficult,1,10
2025FE150,2025,OS,Moderate,0,0
2025FE150,2025,OS,Difficult,0,0
2025FE150,2025,OS,Difficult,1,10
2025FE150,2025,CN,Moderate,0,0
2025FE150,2025,CN,Moderate,0,0
2025FE150,2025,CN,Moderate,0,0
2025FE150,2025,Aptitude,Difficult,1,10
2025FE150,2025,Aptitude,Moderate,0,0
2025FE150,2025,Aptitude,Difficult,1,10
